,"Ship FY
",Grand Total,Grand Total,1990,1990,1991,1991,1992,1992,1993,1993,1994,1994,1995,1995,1996,1996,1997,1997,1998,1998,1999,1999,2000,2000,2001,2001,2002,2002,2003,2003,2004,2004,2005,2005,2006,2006,2007,2007,2008,2008,2009,2009,2010,2010,2011,2011,2012,2012,2013,2013,2014,2014,2015,2015,2016,2016
SAV Account,Product ID,Item Qty,Total Value,Item Qty,Total Value,Item Qty,Total Value,Item Qty,Total Value,Item Qty,Total Value,Item Qty,Total Value,Item Qty,Total Value,Item Qty,Total Value,Item Qty,Total Value,Item Qty,Total Value,Item Qty,Total Value,Item Qty,Total Value,Item Qty,Total Value,Item Qty,Total Value,Item Qty,Total Value,Item Qty,Total Value,Item Qty,Total Value,Item Qty,Total Value,Item Qty,Total Value,Item Qty,Total Value,Item Qty,Total Value,Item Qty,Total Value,Item Qty,Total Value,Item Qty,Total Value,Item Qty,Total Value,Item Qty,Total Value,Item Qty,Total Value,Item Qty,Total Value
TOTAL YEARS AMOUNT,,948255,1865149984 ,208,1211485,1,4295,29,47835,112,359435,158,425440,632,2231685,952,4416605,2173,6691854,3173,9086445,8743,28196996,11585,36197704,19703,64240987,21353,61394776,24998,58070546,33950,82225668,36373,82451234,38689,98494583,45746,112083858,55412,142494479,44286,105975429,62958,116508564,92937,173392920,90200,151355020,112401,156077024,73528,128668907,128334,175112454,39621,67733756
MO-STATE OF MISSOURI,Total,117071,214572065 ,1,1000,0,0,0,0,0,0,1,1495,7,18075,22,45405,68,292365,340,614896,782,1930143,686,2595233,1589,4922403,2428,13657792,2799,9460700,2819,14269417,2796,8802498,3202,12556456,6410,16214873,3894,11335934,6055,12912458,19855,15095822,15031,23190890,5459,8672548,10002,17424662,7504,15386805,17371,16048935,7950,9121260
MO-STATE OF MISSOURI,WS-C3560G-24PS-S,19,117800 ,0,0,0,0,0,0,0,0,0,0,0,0,0,0,0,0,0,0,0,0,0,0,0,0,0,0,0,0,0,0,0,0,0,0,1,6200,0,0,2,12400,4,24800,8,49600,4,24800,0,0,0,0,0,0,0,0
MO-STATE OF MISSOURI,WS-C3750G-48PS-S,14,239400 ,0,0,0,0,0,0,0,0,0,0,0,0,0,0,0,0,0,0,0,0,0,0,0,0,0,0,0,0,0,0,0,0,2,34200,2,34200,4,68400,5,85500,0,0,1,17100,0,0,0,0,0,0,0,0,0,0
MO-STATE OF MISSOURI,CP-7945G=,14013,7917345 ,0,0,0,0,0,0,0,0,0,0,0,0,0,0,0,0,0,0,0,0,0,0,0,0,0,0,0,0,0,0,0,0,0,0,0,0,66,37290,59,33335,4343,2453795,6568,3710920,444,250860,2330,1316450,2,1130,201,113565,0,0
OK-STATE OF OKLAHOMA,CISCO7010,2,13800 ,0,0,0,0,0,0,0,0,0,0,2,13800,0,0,0,0,0,0,0,0,0,0,0,0,0,0,0,0,0,0,0,0,0,0,0,0,0,0,0,0,0,0,0,0,0,0,0,0,0,0,0,0,0,0
OK-STATE OF OKLAHOMA,WS-X5113,1,9995 ,0,0,0,0,0,0,0,0,0,0,0,0,1,9995,0,0,0,0,0,0,0,0,0,0,0,0,0,0,0,0,0,0,0,0,0,0,0,0,0,0,0,0,0,0,0,0,0,0,0,0,0,0,0,0
OK-STATE OF OKLAHOMA,ONS-SI-GE-ZX=,4,15980 ,0,0,0,0,0,0,0,0,0,0,0,0,0,0,0,0,0,0,0,0,0,0,0,0,0,0,0,0,0,0,0,0,0,0,0,0,0,0,0,0,2,7990,2,7990,0,0,0,0,0,0,0,0,0,0
OK-STATE OF OKLAHOMA,WS-SUP720-3B-RF,1,19800 ,0,0,0,0,0,0,0,0,0,0,0,0,0,0,0,0,0,0,0,0,0,0,0,0,0,0,0,0,0,0,0,0,0,0,0,0,0,0,0,0,1,19800,0,0,0,0,0,0,0,0,0,0,0,0
OK-STATE OF OKLAHOMA,CISCO3640-RPS,1,6500 ,0,0,0,0,0,0,0,0,0,0,0,0,0,0,0,0,0,0,0,0,1,6500,0,0,0,0,0,0,0,0,0,0,0,0,0,0,0,0,0,0,0,0,0,0,0,0,0,0,0,0,0,0,0,0
OK-STATE OF OKLAHOMA,AIR-CAP3502I-N-K9,3,3885 ,0,0,0,0,0,0,0,0,0,0,0,0,0,0,0,0,0,0,0,0,0,0,0,0,0,0,0,0,0,0,0,0,0,0,0,0,0,0,0,0,0,0,0,0,0,0,3,3885,0,0,0,0,0,0
OK-STATE OF OKLAHOMA,ASA-IC-A-BLANK,10,1000 ,0,0,0,0,0,0,0,0,0,0,0,0,0,0,0,0,0,0,0,0,0,0,0,0,0,0,0,0,0,0,0,0,0,0,0,0,0,0,0,0,0,0,0,0,0,0,3,300,3,300,0,0,4,400
OK-STATE OF OKLAHOMA,HWIC-D-9ESW=,10,8000 ,0,0,0,0,0,0,0,0,0,0,0,0,0,0,0,0,0,0,0,0,0,0,0,0,0,0,0,0,0,0,0,0,0,0,0,0,0,0,0,0,0,0,10,8000,0,0,0,0,0,0,0,0,0,0
OK-STATE OF OKLAHOMA,WS-C2924C-XL-EN-BUND,4,0 ,0,0,0,0,0,0,0,0,0,0,0,0,0,0,0,0,0,0,0,0,0,0,0,0,4,0,0,0,0,0,0,0,0,0,0,0,0,0,0,0,0,0,0,0,0,0,0,0,0,0,0,0,0,0
OK-STATE OF OKLAHOMA,SF15454-R7.0.7K9,3,0 ,0,0,0,0,0,0,0,0,0,0,0,0,0,0,0,0,0,0,0,0,0,0,0,0,0,0,0,0,0,0,0,0,0,0,0,0,0,0,3,0,0,0,0,0,0,0,0,0,0,0,0,0,0,0
OK-STATE OF OKLAHOMA,CUCM-UWL-PAK,4,0 ,0,0,0,0,0,0,0,0,0,0,0,0,0,0,0,0,0,0,0,0,0,0,0,0,0,0,0,0,0,0,0,0,0,0,0,0,0,0,1,0,0,0,2,0,0,0,1,0,0,0,0,0,0,0
OK-STATE OF OKLAHOMA,M-ASR1K-RP1-4GB,1,0 ,0,0,0,0,0,0,0,0,0,0,0,0,0,0,0,0,0,0,0,0,0,0,0,0,0,0,0,0,0,0,0,0,0,0,0,0,0,0,0,0,0,0,0,0,0,0,0,0,1,0,0,0,0,0
OK-STATE OF OKLAHOMA,ASA-ANYCONN-CSD-K9,154,0 ,0,0,0,0,0,0,0,0,0,0,0,0,0,0,0,0,0,0,0,0,0,0,0,0,0,0,0,0,0,0,0,0,0,0,0,0,1,0,3,0,77,0,5,0,3,0,22,0,12,0,27,0,4,0
OK-STATE OF OKLAHOMA,CP-7925G-SW-K9-A,14,0 ,0,0,0,0,0,0,0,0,0,0,0,0,0,0,0,0,0,0,0,0,0,0,0,0,0,0,0,0,0,0,0,0,0,0,0,0,0,0,11,0,0,0,0,0,3,0,0,0,0,0,0,0,0,0
OK-STATE OF OKLAHOMA,S184RASK9-12415T,5,0 ,0,0,0,0,0,0,0,0,0,0,0,0,0,0,0,0,0,0,0,0,0,0,0,0,0,0,0,0,0,0,0,0,0,0,0,0,0,0,1,0,4,0,0,0,0,0,0,0,0,0,0,0,0,0
OK-STATE OF OKLAHOMA,WS-C6509-V-E-CM,1,0 ,0,0,0,0,0,0,0,0,0,0,0,0,0,0,0,0,0,0,0,0,0,0,0,0,0,0,0,0,0,0,0,0,0,0,0,0,0,0,0,0,1,0,0,0,0,0,0,0,0,0,0,0,0,0
OK-STATE OF OKLAHOMA,CSMPR50-PAK3,1,0 ,0,0,0,0,0,0,0,0,0,0,0,0,0,0,0,0,0,0,0,0,0,0,0,0,0,0,0,0,0,0,0,0,0,0,0,0,0,0,0,0,0,0,1,0,0,0,0,0,0,0,0,0,0,0
OK-STATE OF OKLAHOMA,CAB-L620P-C13-US,9,0 ,0,0,0,0,0,0,0,0,0,0,0,0,0,0,0,0,0,0,0,0,0,0,0,0,0,0,0,0,0,0,0,0,0,0,0,0,0,0,0,0,0,0,0,0,9,0,0,0,0,0,0,0,0,0
OK-STATE OF OKLAHOMA,M-ASR1K-HDD-40GB,1,0 ,0,0,0,0,0,0,0,0,0,0,0,0,0,0,0,0,0,0,0,0,0,0,0,0,0,0,0,0,0,0,0,0,0,0,0,0,0,0,0,0,0,0,0,0,0,0,0,0,1,0,0,0,0,0
OK-STATE OF OKLAHOMA,S28NIPB-12415T,1,0 ,0,0,0,0,0,0,0,0,0,0,0,0,0,0,0,0,0,0,0,0,0,0,0,0,0,0,0,0,0,0,0,0,0,0,0,0,0,0,0,0,1,0,0,0,0,0,0,0,0,0,0,0,0,0
OK-STATE OF OKLAHOMA,VS-F6K-MSFC3,2,0 ,0,0,0,0,0,0,0,0,0,0,0,0,0,0,0,0,0,0,0,0,0,0,0,0,0,0,0,0,0,0,0,0,0,0,0,0,0,0,0,0,2,0,0,0,0,0,0,0,0,0,0,0,0,0
OK-STATE OF OKLAHOMA,N7K-C7010-F-BLANK,4,0 ,0,0,0,0,0,0,0,0,0,0,0,0,0,0,0,0,0,0,0,0,0,0,0,0,0,0,0,0,0,0,0,0,0,0,0,0,0,0,0,0,0,0,4,0,0,0,0,0,0,0,0,0,0,0
OK-STATE OF OKLAHOMA,ACS-2821-51-STAN,33,0 ,0,0,0,0,0,0,0,0,0,0,0,0,0,0,0,0,0,0,0,0,0,0,0,0,0,0,0,0,0,0,0,0,0,0,0,0,2,0,16,0,15,0,0,0,0,0,0,0,0,0,0,0,0,0
OK-STATE OF OKLAHOMA,VS-F6K-PFC3C,2,0 ,0,0,0,0,0,0,0,0,0,0,0,0,0,0,0,0,0,0,0,0,0,0,0,0,0,0,0,0,0,0,0,0,0,0,0,0,0,0,0,0,2,0,0,0,0,0,0,0,0,0,0,0,0,0
OK-STATE OF OKLAHOMA,ASR1004-PWR-AC,4,0 ,0,0,0,0,0,0,0,0,0,0,0,0,0,0,0,0,0,0,0,0,0,0,0,0,0,0,0,0,0,0,0,0,0,0,0,0,0,0,0,0,0,0,0,0,0,0,0,0,4,0,0,0,0,0
OK-STATE OF OKLAHOMA,UCSS-UWL-PRO-PK,1,0 ,0,0,0,0,0,0,0,0,0,0,0,0,0,0,0,0,0,0,0,0,0,0,0,0,0,0,0,0,0,0,0,0,0,0,0,0,0,0,0,0,0,0,1,0,0,0,0,0,0,0,0,0,0,0
OK-STATE OF OKLAHOMA,SF15454-R9.1.0K9,5,0 ,0,0,0,0,0,0,0,0,0,0,0,0,0,0,0,0,0,0,0,0,0,0,0,0,0,0,0,0,0,0,0,0,0,0,0,0,0,0,0,0,5,0,0,0,0,0,0,0,0,0,0,0,0,0
OK-STATE OF OKLAHOMA,S3750EVT-12246SE,2,0 ,0,0,0,0,0,0,0,0,0,0,0,0,0,0,0,0,0,0,0,0,0,0,0,0,0,0,0,0,0,0,0,0,0,0,0,0,0,0,2,0,0,0,0,0,0,0,0,0,0,0,0,0,0,0
OK-STATE OF OKLAHOMA,LIC-UWL-STD1,1,0 ,0,0,0,0,0,0,0,0,0,0,0,0,0,0,0,0,0,0,0,0,0,0,0,0,0,0,0,0,0,0,0,0,0,0,0,0,0,0,0,0,0,0,1,0,0,0,0,0,0,0,0,0,0,0
OK-STATE OF OKLAHOMA,ACS-2811-STAN,2,0 ,0,0,0,0,0,0,0,0,0,0,0,0,0,0,0,0,0,0,0,0,0,0,0,0,0,0,0,0,0,0,0,0,0,0,0,0,0,0,1,0,1,0,0,0,0,0,0,0,0,0,0,0,0,0
OK-STATE OF OKLAHOMA,AIR-CAP3502I-ABULK,27,0 ,0,0,0,0,0,0,0,0,0,0,0,0,0,0,0,0,0,0,0,0,0,0,0,0,0,0,0,0,0,0,0,0,0,0,0,0,0,0,0,0,0,0,0,0,27,0,0,0,0,0,0,0,0,0
OK-STATE OF OKLAHOMA,UCSS-UWL-STD-PK,2,0 ,0,0,0,0,0,0,0,0,0,0,0,0,0,0,0,0,0,0,0,0,0,0,0,0,0,0,0,0,0,0,0,0,0,0,0,0,0,0,1,0,0,0,0,0,0,0,1,0,0,0,0,0,0,0
OK-STATE OF OKLAHOMA,LIC-WPLUS-SW,2,0 ,0,0,0,0,0,0,0,0,0,0,0,0,0,0,0,0,0,0,0,0,0,0,0,0,0,0,0,0,0,0,0,0,0,0,0,0,0,0,0,0,2,0,0,0,0,0,0,0,0,0,0,0,0,0
OK-STATE OF OKLAHOMA,N20-CBLKB1,4,0 ,0,0,0,0,0,0,0,0,0,0,0,0,0,0,0,0,0,0,0,0,0,0,0,0,0,0,0,0,0,0,0,0,0,0,0,0,0,0,0,0,0,0,4,0,0,0,0,0,0,0,0,0,0,0
OK-STATE OF OKLAHOMA,UNITY-4.X,5,0 ,0,0,0,0,0,0,0,0,0,0,0,0,0,0,0,0,0,0,0,0,0,0,0,0,0,0,0,0,0,0,0,0,0,0,1,0,4,0,0,0,0,0,0,0,0,0,0,0,0,0,0,0,0,0
OK-STATE OF OKLAHOMA,CF-ADAPTER-SP,2,0 ,0,0,0,0,0,0,0,0,0,0,0,0,0,0,0,0,0,0,0,0,0,0,0,0,0,0,0,0,0,0,0,0,0,0,0,0,0,0,0,0,2,0,0,0,0,0,0,0,0,0,0,0,0,0
OK-STATE OF OKLAHOMA,SWLC4400K9-40,1,0 ,0,0,0,0,0,0,0,0,0,0,0,0,0,0,0,0,0,0,0,0,0,0,0,0,0,0,0,0,0,0,0,0,0,0,1,0,0,0,0,0,0,0,0,0,0,0,0,0,0,0,0,0,0,0
OK-STATE OF OKLAHOMA,S384RAISK9-12409T,1,0 ,0,0,0,0,0,0,0,0,0,0,0,0,0,0,0,0,0,0,0,0,0,0,0,0,0,0,0,0,0,0,0,0,0,0,0,0,0,0,1,0,0,0,0,0,0,0,0,0,0,0,0,0,0,0
OK-STATE OF OKLAHOMA,SF-ASA5505-7.2-K8,7,0 ,0,0,0,0,0,0,0,0,0,0,0,0,0,0,0,0,0,0,0,0,0,0,0,0,0,0,0,0,0,0,0,0,0,0,0,0,1,0,2,0,3,0,1,0,0,0,0,0,0,0,0,0,0,0
OK-STATE OF OKLAHOMA,S113W7K9-12311JA,4,0 ,0,0,0,0,0,0,0,0,0,0,0,0,0,0,0,0,0,0,0,0,0,0,0,0,0,0,0,0,0,0,0,0,0,0,4,0,0,0,0,0,0,0,0,0,0,0,0,0,0,0,0,0,0,0
OK-STATE OF OKLAHOMA,S113RK9W-12311JX,7,0 ,0,0,0,0,0,0,0,0,0,0,0,0,0,0,0,0,0,0,0,0,0,0,0,0,0,0,0,0,0,0,0,0,0,0,0,0,6,0,0,0,1,0,0,0,0,0,0,0,0,0,0,0,0,0
OK-STATE OF OKLAHOMA,WCS-STANDARD-K9,2,0 ,0,0,0,0,0,0,0,0,0,0,0,0,0,0,0,0,0,0,0,0,0,0,0,0,0,0,0,0,0,0,0,0,0,0,0,0,0,0,2,0,0,0,0,0,0,0,0,0,0,0,0,0,0,0
OK-STATE OF OKLAHOMA,ASA5540-VPN-PR,2,0 ,0,0,0,0,0,0,0,0,0,0,0,0,0,0,0,0,0,0,0,0,0,0,0,0,0,0,0,0,0,0,0,0,0,0,0,0,0,0,2,0,0,0,0,0,0,0,0,0,0,0,0,0,0,0
OK-STATE OF OKLAHOMA,ACE-4710-K9,3,0 ,0,0,0,0,0,0,0,0,0,0,0,0,0,0,0,0,0,0,0,0,0,0,0,0,0,0,0,0,0,0,0,0,0,0,0,0,0,0,0,0,1,0,0,0,0,0,2,0,0,0,0,0,0,0
OK-STATE OF OKLAHOMA,ASA-VPN-CLNT-NONE,4,0 ,0,0,0,0,0,0,0,0,0,0,0,0,0,0,0,0,0,0,0,0,0,0,0,0,0,0,0,0,0,0,0,0,0,0,0,0,4,0,0,0,0,0,0,0,0,0,0,0,0,0,0,0,0,0
OK-STATE OF OKLAHOMA,UCSS-CCX,2,0 ,0,0,0,0,0,0,0,0,0,0,0,0,0,0,0,0,0,0,0,0,0,0,0,0,0,0,0,0,1,0,0,0,0,0,0,0,1,0,0,0,0,0,0,0,0,0,0,0,0,0,0,0,0,0
OK-STATE OF OKLAHOMA,WS-X6708-10GE,7,0 ,0,0,0,0,0,0,0,0,0,0,0,0,0,0,0,0,0,0,0,0,0,0,0,0,0,0,0,0,0,0,0,0,0,0,0,0,2,0,0,0,5,0,0,0,0,0,0,0,0,0,0,0,0,0
OK-STATE OF OKLAHOMA,S11K-LCC-8,1,0 ,0,0,0,0,0,0,0,0,0,0,0,0,0,0,0,0,0,0,0,0,0,0,0,0,0,0,0,0,0,0,0,0,1,0,0,0,0,0,0,0,0,0,0,0,0,0,0,0,0,0,0,0,0,0
OK-STATE OF OKLAHOMA,IPCX-40-CM-BUNDLE,2,0 ,0,0,0,0,0,0,0,0,0,0,0,0,0,0,0,0,0,0,0,0,0,0,0,0,0,0,0,0,0,0,0,0,0,0,2,0,0,0,0,0,0,0,0,0,0,0,0,0,0,0,0,0,0,0
OK-STATE OF OKLAHOMA,CAB-9K12A-NA,34,0 ,0,0,0,0,0,0,0,0,0,0,0,0,0,0,0,0,0,0,0,0,0,0,0,0,0,0,0,0,0,0,0,0,0,0,0,0,0,0,0,0,10,0,4,0,0,0,5,0,11,0,4,0,0,0
OK-STATE OF OKLAHOMA,SSM-4GE-INC,3,0 ,0,0,0,0,0,0,0,0,0,0,0,0,0,0,0,0,0,0,0,0,0,0,0,0,0,0,0,0,0,0,0,0,0,0,0,0,0,0,0,0,3,0,0,0,0,0,0,0,0,0,0,0,0,0
OK-UNIVERSITY OF OKLAHOMA,Total,21785,74512654 ,0,0,0,0,0,0,17,40250,1,1495,0,0,7,37900,53,275440,42,178927,159,481785,318,1168140,349,1344318,1009,6028917,423,1596891,401,1625371,1193,4265469,1141,5010177,1198,6350682,1454,7446199,1881,6482930,1249,4576155,1334,5042408,1808,5756447,2546,6156243,1674,3295840,2351,5210445,1177,2140225
OK-UNIVERSITY OF OKLAHOMA,WS-C3560G-24PS-S,1,6200 ,0,0,0,0,0,0,0,0,0,0,0,0,0,0,0,0,0,0,0,0,0,0,0,0,0,0,0,0,0,0,0,0,1,6200,0,0,0,0,0,0,0,0,0,0,0,0,0,0,0,0,0,0,0,0
OK-UNIVERSITY OF OKLAHOMA,WS-C3750G-48PS-S,19,324900 ,0,0,0,0,0,0,0,0,0,0,0,0,0,0,0,0,0,0,0,0,0,0,0,0,0,0,0,0,0,0,0,0,0,0,2,34200,14,239400,2,34200,1,17100,0,0,0,0,0,0,0,0,0,0,0,0
OK-UNIVERSITY OF OKLAHOMA,CP-7945G=,1,565 ,0,0,0,0,0,0,0,0,0,0,0,0,0,0,0,0,0,0,0,0,0,0,0,0,0,0,0,0,0,0,0,0,0,0,0,0,0,0,1,565,0,0,0,0,0,0,0,0,0,0,0,0,0,0
OK-UNIVERSITY OF OKLAHOMA,WS-C3560G-48PS-S,174,1827000 ,0,0,0,0,0,0,0,0,0,0,0,0,0,0,0,0,0,0,0,0,0,0,0,0,0,0,0,0,0,0,1,10500,22,231000,57,598500,31,325500,34,357000,14,147000,15,157500,0,0,0,0,0,0,0,0,0,0
OK-UNIVERSITY OF OKLAHOMA,AIR-CAP3602I-A-K9,104,171080 ,0,0,0,0,0,0,0,0,0,0,0,0,0,0,0,0,0,0,0,0,0,0,0,0,0,0,0,0,0,0,0,0,0,0,0,0,0,0,0,0,0,0,0,0,0,0,99,162855,5,8225,0,0,0,0
OK-UNIVERSITY OF OKLAHOMA,WS-C3750G-48TS-S,2,30800 ,0,0,0,0,0,0,0,0,0,0,0,0,0,0,0,0,0,0,0,0,0,0,0,0,0,0,0,0,0,0,0,0,0,0,2,30800,0,0,0,0,0,0,0,0,0,0,0,0,0,0,0,0,0,0
OK-UNIVERSITY OF OKLAHOMA,WS-C3560-48PS-S,12,77940 ,0,0,0,0,0,0,0,0,0,0,0,0,0,0,0,0,0,0,0,0,0,0,0,0,0,0,0,0,0,0,9,58455,1,6495,0,0,0,0,0,0,2,12990,0,0,0,0,0,0,0,0,0,0,0,0
OK-UNIVERSITY OF OKLAHOMA,WS-C3548-XL-EN,29,144855 ,0,0,0,0,0,0,0,0,0,0,0,0,0,0,0,0,0,0,0,0,0,0,17,84915,12,59940,0,0,0,0,0,0,0,0,0,0,0,0,0,0,0,0,0,0,0,0,0,0,0,0,0,0,0,0
OK-UNIVERSITY OF OKLAHOMA,SFP-10G-LR=,88,351560 ,0,0,0,0,0,0,0,0,0,0,0,0,0,0,0,0,0,0,0,0,0,0,0,0,0,0,0,0,0,0,0,0,0,0,0,0,0,0,0,0,0,0,16,63920,14,55930,38,151810,4,15980,16,63920,0,0
OK-UNIVERSITY OF OKLAHOMA,WS-C3750X-48P-L,14,168000 ,0,0,0,0,0,0,0,0,0,0,0,0,0,0,0,0,0,0,0,0,0,0,0,0,0,0,0,0,0,0,0,0,0,0,0,0,0,0,0,0,0,0,2,24000,9,108000,0,0,3,36000,0,0,0,0
OK-UNIVERSITY OF OKLAHOMA,WS-SUP720-3B,6,198000 ,0,0,0,0,0,0,0,0,0,0,0,0,0,0,0,0,0,0,0,0,0,0,0,0,0,0,0,0,0,0,0,0,4,132000,0,0,2,66000,0,0,0,0,0,0,0,0,0,0,0,0,0,0,0,0
OK-UNIVERSITY OF OKLAHOMA,AIR-LAP1131AG-A-K9,608,467552 ,0,0,0,0,0,0,0,0,0,0,0,0,0,0,0,0,0,0,0,0,0,0,0,0,0,0,0,0,0,0,0,0,0,0,55,42295,108,83052,341,262229,69,53061,25,19225,10,7690,0,0,0,0,0,0,0,0
OK-UNIVERSITY OF OKLAHOMA,WS-X4648-RJ45V+E,61,457195 ,0,0,0,0,0,0,0,0,0,0,0,0,0,0,0,0,0,0,0,0,0,0,0,0,0,0,0,0,0,0,0,0,0,0,0,0,0,0,9,67455,2,14990,42,314790,6,44970,2,14990,0,0,0,0,0,0
OK-UNIVERSITY OF OKLAHOMA,AIR-CAP3702I-A-K9,482,720590 ,0,0,0,0,0,0,0,0,0,0,0,0,0,0,0,0,0,0,0,0,0,0,0,0,0,0,0,0,0,0,0,0,0,0,0,0,0,0,0,0,0,0,0,0,0,0,0,0,117,174915,164,245180,201,300495
OK-UNIVERSITY OF OKLAHOMA,WS-C3560-24PS-S,5,18975 ,0,0,0,0,0,0,0,0,0,0,0,0,0,0,0,0,0,0,0,0,0,0,0,0,0,0,0,0,0,0,0,0,0,0,0,0,0,0,3,11385,2,7590,0,0,0,0,0,0,0,0,0,0,0,0
OK-UNIVERSITY OF OKLAHOMA,WS-SUP720-3B=,2,66000 ,0,0,0,0,0,0,0,0,0,0,0,0,0,0,0,0,0,0,0,0,0,0,0,0,0,0,0,0,0,0,0,0,0,0,0,0,2,66000,0,0,0,0,0,0,0,0,0,0,0,0,0,0,0,0
OK-UNIVERSITY OF OKLAHOMA,AIR-LAP1242AG-A-K9,492,491508 ,0,0,0,0,0,0,0,0,0,0,0,0,0,0,0,0,0,0,0,0,0,0,0,0,0,0,0,0,0,0,0,0,12,11988,23,22977,109,108891,210,209790,138,137862,0,0,0,0,0,0,0,0,0,0,0,0
OK-UNIVERSITY OF OKLAHOMA,WS-X4548-GB-RJ45V=,381,2855595 ,0,0,0,0,0,0,0,0,0,0,0,0,0,0,0,0,0,0,0,0,0,0,0,0,0,0,0,0,0,0,43,322285,136,1019320,117,876915,4,29980,45,337275,11,82445,14,104930,6,44970,5,37475,0,0,0,0,0,0
OK-UNIVERSITY OF OKLAHOMA,AIR-CAP3502I-A-K9,134,173530 ,0,0,0,0,0,0,0,0,0,0,0,0,0,0,0,0,0,0,0,0,0,0,0,0,0,0,0,0,0,0,0,0,0,0,0,0,0,0,0,0,0,0,72,93240,32,41440,20,25900,10,12950,0,0,0,0
OK-UNIVERSITY OF OKLAHOMA,WS-C4500X-16SFP+,16,256000 ,0,0,0,0,0,0,0,0,0,0,0,0,0,0,0,0,0,0,0,0,0,0,0,0,0,0,0,0,0,0,0,0,0,0,0,0,0,0,0,0,0,0,0,0,0,0,0,0,0,0,8,128000,8,128000
OK-UNIVERSITY OF OKLAHOMA,WS-C4006-S2,3,35985 ,0,0,0,0,0,0,0,0,0,0,0,0,0,0,0,0,0,0,0,0,0,0,0,0,3,35985,0,0,0,0,0,0,0,0,0,0,0,0,0,0,0,0,0,0,0,0,0,0,0,0,0,0,0,0
OK-UNIVERSITY OF OKLAHOMA,CP-7942G=,28,12740 ,0,0,0,0,0,0,0,0,0,0,0,0,0,0,0,0,0,0,0,0,0,0,0,0,0,0,0,0,0,0,0,0,0,0,0,0,0,0,0,0,0,0,7,3185,21,9555,0,0,0,0,0,0,0,0
OK-UNIVERSITY OF OKLAHOMA,WS-C3560-48TS-S,1,4995 ,0,0,0,0,0,0,0,0,0,0,0,0,0,0,0,0,0,0,0,0,0,0,0,0,0,0,0,0,0,0,0,0,1,4995,0,0,0,0,0,0,0,0,0,0,0,0,0,0,0,0,0,0,0,0
OK-UNIVERSITY OF OKLAHOMA,AIR-AP1231G-A-K9,154,138446 ,0,0,0,0,0,0,0,0,0,0,0,0,0,0,0,0,0,0,0,0,0,0,0,0,0,0,0,0,20,17980,122,109678,11,9889,1,899,0,0,0,0,0,0,0,0,0,0,0,0,0,0,0,0,0,0
OK-UNIVERSITY OF OKLAHOMA,WS-C3750G-12S-S,10,88000 ,0,0,0,0,0,0,0,0,0,0,0,0,0,0,0,0,0,0,0,0,0,0,0,0,0,0,0,0,0,0,0,0,0,0,0,0,9,79200,0,0,0,0,0,0,0,0,1,8800,0,0,0,0,0,0
OK-UNIVERSITY OF OKLAHOMA,WS-X6748-GE-TX,6,138000 ,0,0,0,0,0,0,0,0,0,0,0,0,0,0,0,0,0,0,0,0,0,0,0,0,0,0,0,0,0,0,0,0,6,138000,0,0,0,0,0,0,0,0,0,0,0,0,0,0,0,0,0,0,0,0
OK-UNIVERSITY OF OKLAHOMA,WS-C3750G-12S-E,2,26400 ,0,0,0,0,0,0,0,0,0,0,0,0,0,0,0,0,0,0,0,0,0,0,0,0,0,0,0,0,0,0,0,0,1,13200,0,0,0,0,0,0,0,0,1,13200,0,0,0,0,0,0,0,0,0,0
OK-UNIVERSITY OF OKLAHOMA,X2-10GB-LR=,209,836000 ,0,0,0,0,0,0,0,0,0,0,0,0,0,0,0,0,0,0,0,0,0,0,0,0,0,0,0,0,0,0,0,0,0,0,48,192000,4,16000,10,40000,10,40000,53,212000,3,12000,0,0,28,112000,49,196000,4,16000
OK-UNIVERSITY OF OKLAHOMA,WS-C3750V2-48PS-S,1,9495 ,0,0,0,0,0,0,0,0,0,0,0,0,0,0,0,0,0,0,0,0,0,0,0,0,0,0,0,0,0,0,0,0,0,0,0,0,0,0,0,0,0,0,0,0,1,9495,0,0,0,0,0,0,0,0
OK-UNIVERSITY OF OKLAHOMA,WS-C3750X-24P-L,4,27600 ,0,0,0,0,0,0,0,0,0,0,0,0,0,0,0,0,0,0,0,0,0,0,0,0,0,0,0,0,0,0,0,0,0,0,0,0,0,0,0,0,0,0,4,27600,0,0,0,0,0,0,0,0,0,0
OK-UNIVERSITY OF OKLAHOMA,WS-C2924-XL-EN,162,323190 ,0,0,0,0,0,0,0,0,0,0,0,0,0,0,0,0,0,0,30,59850,22,43890,37,73815,68,135660,0,0,3,5985,2,3990,0,0,0,0,0,0,0,0,0,0,0,0,0,0,0,0,0,0,0,0,0,0
OK-UNIVERSITY OF OKLAHOMA,WS-C3560X-48PF-L,17,168300 ,0,0,0,0,0,0,0,0,0,0,0,0,0,0,0,0,0,0,0,0,0,0,0,0,0,0,0,0,0,0,0,0,0,0,0,0,0,0,0,0,0,0,2,19800,13,128700,2,19800,0,0,0,0,0,0
OK-UNIVERSITY OF OKLAHOMA,N5K-C5548UP-FA,3,76800 ,0,0,0,0,0,0,0,0,0,0,0,0,0,0,0,0,0,0,0,0,0,0,0,0,0,0,0,0,0,0,0,0,0,0,0,0,0,0,0,0,0,0,1,25600,2,51200,0,0,0,0,0,0,0,0
OK-UNIVERSITY OF OKLAHOMA,WS-X6704-10GE=,8,200000 ,0,0,0,0,0,0,0,0,0,0,0,0,0,0,0,0,0,0,0,0,0,0,0,0,0,0,0,0,2,50000,2,50000,3,75000,0,0,1,25000,0,0,0,0,0,0,0,0,0,0,0,0,0,0,0,0
OK-UNIVERSITY OF OKLAHOMA,AIR-AP1131AG-A-K9,91,69979 ,0,0,0,0,0,0,0,0,0,0,0,0,0,0,0,0,0,0,0,0,0,0,0,0,0,0,0,0,0,0,0,0,39,29991,16,12304,12,9228,24,18456,0,0,0,0,0,0,0,0,0,0,0,0,0,0
OK-UNIVERSITY OF OKLAHOMA,WS-X6724-SFP,4,80000 ,0,0,0,0,0,0,0,0,0,0,0,0,0,0,0,0,0,0,0,0,0,0,0,0,0,0,0,0,0,0,3,60000,1,20000,0,0,0,0,0,0,0,0,0,0,0,0,0,0,0,0,0,0,0,0
OK-UNIVERSITY OF OKLAHOMA,SFP-10G-SR=,224,222880 ,0,0,0,0,0,0,0,0,0,0,0,0,0,0,0,0,0,0,0,0,0,0,0,0,0,0,0,0,0,0,0,0,0,0,0,0,0,0,0,0,0,0,35,34825,16,15920,135,134325,22,21890,16,15920,0,0
OK-UNIVERSITY OF OKLAHOMA,WS-C3560G-48TS-S,1,8800 ,0,0,0,0,0,0,0,0,0,0,0,0,0,0,0,0,0,0,0,0,0,0,0,0,0,0,0,0,0,0,0,0,0,0,0,0,0,0,0,0,0,0,0,0,1,8800,0,0,0,0,0,0,0,0
OK-UNIVERSITY OF OKLAHOMA,CISCO2811,3,7485 ,0,0,0,0,0,0,0,0,0,0,0,0,0,0,0,0,0,0,0,0,0,0,0,0,0,0,0,0,0,0,0,0,1,2495,1,2495,0,0,1,2495,0,0,0,0,0,0,0,0,0,0,0,0,0,0
OK-UNIVERSITY OF OKLAHOMA,WS-X6K-S2-MSFC2,4,87980 ,0,0,0,0,0,0,0,0,0,0,0,0,0,0,0,0,0,0,0,0,0,0,2,43990,1,21995,0,0,1,21995,0,0,0,0,0,0,0,0,0,0,0,0,0,0,0,0,0,0,0,0,0,0,0,0
OK-UNIVERSITY OF OKLAHOMA,WS-C2950-24,180,179100 ,0,0,0,0,0,0,0,0,0,0,0,0,0,0,0,0,0,0,0,0,0,0,1,995,25,24875,76,75620,51,50745,18,17910,9,8955,0,0,0,0,0,0,0,0,0,0,0,0,0,0,0,0,0,0,0,0
OK-UNIVERSITY OF OKLAHOMA,WS-F6700-DFC3CXL,47,1351250 ,0,0,0,0,0,0,0,0,0,0,0,0,0,0,0,0,0,0,0,0,0,0,0,0,0,0,0,0,0,0,0,0,0,0,4,115000,11,316250,0,0,19,546250,6,172500,0,0,0,0,1,28750,6,172500,0,0
OK-UNIVERSITY OF OKLAHOMA,WS-C3560X-48PF-S,131,1506500 ,0,0,0,0,0,0,0,0,0,0,0,0,0,0,0,0,0,0,0,0,0,0,0,0,0,0,0,0,0,0,0,0,0,0,0,0,0,0,0,0,3,34500,15,172500,41,471500,72,828000,0,0,0,0,0,0
OK-UNIVERSITY OF OKLAHOMA,WIC-1DSU-T1,10,10000 ,0,0,0,0,0,0,0,0,0,0,0,0,0,0,0,0,0,0,3,3000,3,3000,0,0,2,2000,2,2000,0,0,0,0,0,0,0,0,0,0,0,0,0,0,0,0,0,0,0,0,0,0,0,0,0,0
OK-UNIVERSITY OF OKLAHOMA,WS-C2950C-24,6,13170 ,0,0,0,0,0,0,0,0,0,0,0,0,0,0,0,0,0,0,0,0,0,0,0,0,0,0,1,2195,3,6585,1,2195,0,0,0,0,0,0,0,0,1,2195,0,0,0,0,0,0,0,0,0,0,0,0
OK-UNIVERSITY OF OKLAHOMA,WS-X4748-UPOE+E,58,521710 ,0,0,0,0,0,0,0,0,0,0,0,0,0,0,0,0,0,0,0,0,0,0,0,0,0,0,0,0,0,0,0,0,0,0,0,0,0,0,0,0,0,0,0,0,0,0,10,89950,9,80955,39,350805,0,0
OK-UNIVERSITY OF OKLAHOMA,C3KX-PWR-1100WAC,148,222000 ,0,0,0,0,0,0,0,0,0,0,0,0,0,0,0,0,0,0,0,0,0,0,0,0,0,0,0,0,0,0,0,0,0,0,0,0,0,0,0,0,4,6000,17,25500,54,81000,73,109500,0,0,0,0,0,0
OK-UNIVERSITY OF OKLAHOMA,WS-X4013,3,17985 ,0,0,0,0,0,0,0,0,0,0,0,0,0,0,0,0,0,0,0,0,0,0,0,0,3,17985,0,0,0,0,0,0,0,0,0,0,0,0,0,0,0,0,0,0,0,0,0,0,0,0,0,0,0,0
OK-UNIVERSITY OF OKLAHOMA,WS-C2924M-XL-EN,142,354290 ,0,0,0,0,0,0,0,0,0,0,0,0,0,0,0,0,0,0,31,77345,51,127245,4,9980,42,104790,9,22455,0,0,4,9980,1,2495,0,0,0,0,0,0,0,0,0,0,0,0,0,0,0,0,0,0,0,0
OK-UNIVERSITY OF OKLAHOMA,WS-X6708-10G-3CXL=,30,1897500 ,0,0,0,0,0,0,0,0,0,0,0,0,0,0,0,0,0,0,0,0,0,0,0,0,0,0,0,0,0,0,0,0,0,0,3,189750,4,253000,0,0,0,0,4,253000,1,63250,8,506000,2,126500,8,506000,0,0
OK-UNIVERSITY OF OKLAHOMA,SFP-10G-SR,188,187060 ,0,0,0,0,0,0,0,0,0,0,0,0,0,0,0,0,0,0,0,0,0,0,0,0,0,0,0,0,0,0,0,0,0,0,0,0,0,0,0,0,2,1990,38,37810,8,7960,120,119400,8,7960,12,11940,0,0
OK-UNIVERSITY OF OKLAHOMA,WS-C4506,50,249750 ,0,0,0,0,0,0,0,0,0,0,0,0,0,0,0,0,0,0,0,0,0,0,0,0,0,0,0,0,0,0,10,49950,22,109890,17,84915,1,4995,0,0,0,0,0,0,0,0,0,0,0,0,0,0,0,0
OK-UNIVERSITY OF OKLAHOMA,WS-SVC-WISM2-5-K9=,2,169990 ,0,0,0,0,0,0,0,0,0,0,0,0,0,0,0,0,0,0,0,0,0,0,0,0,0,0,0,0,0,0,0,0,0,0,0,0,0,0,0,0,0,0,0,0,0,0,1,84995,1,84995,0,0,0,0
OK-UNIVERSITY OF OKLAHOMA,WS-C3508G-XL-EN,56,279720 ,0,0,0,0,0,0,0,0,0,0,0,0,0,0,0,0,0,0,0,0,1,4995,6,29970,33,164835,2,9990,14,69930,0,0,0,0,0,0,0,0,0,0,0,0,0,0,0,0,0,0,0,0,0,0,0,0
OK-UNIVERSITY OF OKLAHOMA,ONS-XC-10G-C=,4,82000 ,0,0,0,0,0,0,0,0,0,0,0,0,0,0,0,0,0,0,0,0,0,0,0,0,0,0,0,0,0,0,0,0,0,0,0,0,0,0,0,0,0,0,0,0,0,0,4,82000,0,0,0,0,0,0
OK-UNIVERSITY OF OKLAHOMA,WS-X4516,3,49485 ,0,0,0,0,0,0,0,0,0,0,0,0,0,0,0,0,0,0,0,0,0,0,0,0,0,0,0,0,0,0,0,0,3,49485,0,0,0,0,0,0,0,0,0,0,0,0,0,0,0,0,0,0,0,0
OK-UNIVERSITY OF OKLAHOMA,C3KX-NM-10G=,65,188500 ,0,0,0,0,0,0,0,0,0,0,0,0,0,0,0,0,0,0,0,0,0,0,0,0,0,0,0,0,0,0,0,0,0,0,0,0,0,0,0,0,0,0,24,69600,33,95700,8,23200,0,0,0,0,0,0
OK-UNIVERSITY OF OKLAHOMA,WS-SUP720-3BXL,10,500000 ,0,0,0,0,0,0,0,0,0,0,0,0,0,0,0,0,0,0,0,0,0,0,0,0,0,0,0,0,0,0,2,100000,0,0,8,400000,0,0,0,0,0,0,0,0,0,0,0,0,0,0,0,0,0,0
OK-UNIVERSITY OF OKLAHOMA,WS-SVC-FWM-1-K9=,12,419940 ,0,0,0,0,0,0,0,0,0,0,0,0,0,0,0,0,0,0,0,0,0,0,0,0,0,0,3,104985,1,34995,3,104985,3,104985,0,0,2,69990,0,0,0,0,0,0,0,0,0,0,0,0,0,0,0,0
OK-UNIVERSITY OF OKLAHOMA,WS-X4648-RJ45V+E=,17,127415 ,0,0,0,0,0,0,0,0,0,0,0,0,0,0,0,0,0,0,0,0,0,0,0,0,0,0,0,0,0,0,0,0,0,0,0,0,0,0,0,0,0,0,0,0,16,119920,0,0,1,7495,0,0,0,0
OK-UNIVERSITY OF OKLAHOMA,CISCO2621,6,18570 ,0,0,0,0,0,0,0,0,0,0,0,0,0,0,0,0,0,0,0,0,0,0,0,0,2,6190,4,12380,0,0,0,0,0,0,0,0,0,0,0,0,0,0,0,0,0,0,0,0,0,0,0,0,0,0
OK-UNIVERSITY OF OKLAHOMA,WS-X45-SUP8-E,13,259935 ,0,0,0,0,0,0,0,0,0,0,0,0,0,0,0,0,0,0,0,0,0,0,0,0,0,0,0,0,0,0,0,0,0,0,0,0,0,0,0,0,0,0,0,0,0,0,0,0,2,39990,9,179955,2,39990
OK-UNIVERSITY OF OKLAHOMA,WS-C2980G-A,122,1097390 ,0,0,0,0,0,0,0,0,0,0,0,0,0,0,0,0,0,0,0,0,0,0,2,17990,112,1007440,5,44975,3,26985,0,0,0,0,0,0,0,0,0,0,0,0,0,0,0,0,0,0,0,0,0,0,0,0
OK-UNIVERSITY OF OKLAHOMA,WS-C3560E-48PD-S,73,1087700 ,0,0,0,0,0,0,0,0,0,0,0,0,0,0,0,0,0,0,0,0,0,0,0,0,0,0,0,0,0,0,0,0,0,0,5,74500,5,74500,47,700300,14,208600,2,29800,0,0,0,0,0,0,0,0,0,0
OK-UNIVERSITY OF OKLAHOMA,WS-X4515=,12,143940 ,0,0,0,0,0,0,0,0,0,0,0,0,0,0,0,0,0,0,0,0,0,0,0,0,0,0,1,11995,0,0,1,11995,1,11995,9,107955,0,0,0,0,0,0,0,0,0,0,0,0,0,0,0,0,0,0
OK-UNIVERSITY OF OKLAHOMA,WS-C3750X-12S-S,5,57500 ,0,0,0,0,0,0,0,0,0,0,0,0,0,0,0,0,0,0,0,0,0,0,0,0,0,0,0,0,0,0,0,0,0,0,0,0,0,0,0,0,0,0,0,0,5,57500,0,0,0,0,0,0,0,0
OK-UNIVERSITY OF OKLAHOMA,WS-C4510RE-S8+96V+,4,132000 ,0,0,0,0,0,0,0,0,0,0,0,0,0,0,0,0,0,0,0,0,0,0,0,0,0,0,0,0,0,0,0,0,0,0,0,0,0,0,0,0,0,0,0,0,0,0,0,0,1,33000,3,99000,0,0
OK-UNIVERSITY OF OKLAHOMA,WS-X6548-GE-45AF,27,378000 ,0,0,0,0,0,0,0,0,0,0,0,0,0,0,0,0,0,0,0,0,0,0,0,0,0,0,0,0,0,0,0,0,0,0,0,0,0,0,24,336000,3,42000,0,0,0,0,0,0,0,0,0,0,0,0
OK-UNIVERSITY OF OKLAHOMA,WS-C3560E-24PD-S,4,30000 ,0,0,0,0,0,0,0,0,0,0,0,0,0,0,0,0,0,0,0,0,0,0,0,0,0,0,0,0,0,0,0,0,0,0,0,0,2,15000,2,15000,0,0,0,0,0,0,0,0,0,0,0,0,0,0
OK-UNIVERSITY OF OKLAHOMA,UCS-MR-1X162RZ-A,32,22080 ,0,0,0,0,0,0,0,0,0,0,0,0,0,0,0,0,0,0,0,0,0,0,0,0,0,0,0,0,0,0,0,0,0,0,0,0,0,0,0,0,0,0,0,0,0,0,0,0,0,0,32,22080,0,0
OK-UNIVERSITY OF OKLAHOMA,WS-C3750E-24PD-S,4,45600 ,0,0,0,0,0,0,0,0,0,0,0,0,0,0,0,0,0,0,0,0,0,0,0,0,0,0,0,0,0,0,0,0,0,0,0,0,0,0,0,0,0,0,4,45600,0,0,0,0,0,0,0,0,0,0
OK-UNIVERSITY OF OKLAHOMA,WS-X6516-GBIC,2,39990 ,0,0,0,0,0,0,0,0,0,0,0,0,0,0,0,0,0,0,0,0,0,0,2,39990,0,0,0,0,0,0,0,0,0,0,0,0,0,0,0,0,0,0,0,0,0,0,0,0,0,0,0,0,0,0
OK-UNIVERSITY OF OKLAHOMA,WIC-1DSU-T1-V2,3,3000 ,0,0,0,0,0,0,0,0,0,0,0,0,0,0,0,0,0,0,0,0,0,0,0,0,0,0,0,0,1,1000,0,0,1,1000,0,0,0,0,1,1000,0,0,0,0,0,0,0,0,0,0,0,0,0,0
OK-UNIVERSITY OF OKLAHOMA,CISCO2610,6,11970 ,0,0,0,0,0,0,0,0,0,0,0,0,0,0,0,0,0,0,0,0,3,5985,1,1995,1,1995,1,1995,0,0,0,0,0,0,0,0,0,0,0,0,0,0,0,0,0,0,0,0,0,0,0,0,0,0
OK-UNIVERSITY OF OKLAHOMA,WS-C3550-12T,3,29985 ,0,0,0,0,0,0,0,0,0,0,0,0,0,0,0,0,0,0,0,0,0,0,0,0,3,29985,0,0,0,0,0,0,0,0,0,0,0,0,0,0,0,0,0,0,0,0,0,0,0,0,0,0,0,0
OK-UNIVERSITY OF OKLAHOMA,AIR-AP1232AG-A-K9,219,218781 ,0,0,0,0,0,0,0,0,0,0,0,0,0,0,0,0,0,0,0,0,0,0,0,0,0,0,0,0,0,0,139,138861,80,79920,0,0,0,0,0,0,0,0,0,0,0,0,0,0,0,0,0,0,0,0
OK-UNIVERSITY OF OKLAHOMA,WS-X4516-10GE=,38,702810 ,0,0,0,0,0,0,0,0,0,0,0,0,0,0,0,0,0,0,0,0,0,0,0,0,0,0,0,0,0,0,0,0,0,0,31,573345,2,36990,3,55485,0,0,1,18495,0,0,0,0,1,18495,0,0,0,0
OK-UNIVERSITY OF OKLAHOMA,WS-CAC-6000W,26,130000 ,0,0,0,0,0,0,0,0,0,0,0,0,0,0,0,0,0,0,0,0,0,0,0,0,0,0,0,0,0,0,0,0,0,0,7,35000,5,25000,13,65000,1,5000,0,0,0,0,0,0,0,0,0,0,0,0
OK-UNIVERSITY OF OKLAHOMA,WS-X4548-GB-RJ45,16,87920 ,0,0,0,0,0,0,0,0,0,0,0,0,0,0,0,0,0,0,0,0,0,0,0,0,0,0,0,0,16,87920,0,0,0,0,0,0,0,0,0,0,0,0,0,0,0,0,0,0,0,0,0,0,0,0
OK-UNIVERSITY OF OKLAHOMA,GLC-LH-SMD=,18,17910 ,0,0,0,0,0,0,0,0,0,0,0,0,0,0,0,0,0,0,0,0,0,0,0,0,0,0,0,0,0,0,0,0,0,0,0,0,0,0,0,0,0,0,0,0,0,0,10,9950,6,5970,2,1990,0,0
OK-UNIVERSITY OF OKLAHOMA,WS-X4712-SFP+E,9,242955 ,0,0,0,0,0,0,0,0,0,0,0,0,0,0,0,0,0,0,0,0,0,0,0,0,0,0,0,0,0,0,0,0,0,0,0,0,0,0,0,0,0,0,2,53990,2,53990,4,107980,1,26995,0,0,0,0
OK-UNIVERSITY OF OKLAHOMA,WS-X6548-GE-TX=,29,348000 ,0,0,0,0,0,0,0,0,0,0,0,0,0,0,0,0,0,0,0,0,0,0,0,0,0,0,0,0,11,132000,8,96000,2,24000,0,0,7,84000,1,12000,0,0,0,0,0,0,0,0,0,0,0,0,0,0
OK-UNIVERSITY OF OKLAHOMA,WS-X6416-GBIC,3,59985 ,0,0,0,0,0,0,0,0,0,0,0,0,0,0,0,0,0,0,0,0,0,0,3,59985,0,0,0,0,0,0,0,0,0,0,0,0,0,0,0,0,0,0,0,0,0,0,0,0,0,0,0,0,0,0
OK-UNIVERSITY OF OKLAHOMA,WS-C2940-8TF-S,61,60695 ,0,0,0,0,0,0,0,0,0,0,0,0,0,0,0,0,0,0,0,0,0,0,0,0,0,0,0,0,11,10945,0,0,20,19900,1,995,0,0,4,3980,25,24875,0,0,0,0,0,0,0,0,0,0,0,0
OK-UNIVERSITY OF OKLAHOMA,WS-X6K-S2U-MSFC2=,3,80385 ,0,0,0,0,0,0,0,0,0,0,0,0,0,0,0,0,0,0,0,0,0,0,0,0,0,0,1,26795,2,53590,0,0,0,0,0,0,0,0,0,0,0,0,0,0,0,0,0,0,0,0,0,0,0,0
OK-UNIVERSITY OF OKLAHOMA,WS-C3560X-48P-L,4,34800 ,0,0,0,0,0,0,0,0,0,0,0,0,0,0,0,0,0,0,0,0,0,0,0,0,0,0,0,0,0,0,0,0,0,0,0,0,0,0,0,0,0,0,4,34800,0,0,0,0,0,0,0,0,0,0
OK-UNIVERSITY OF OKLAHOMA,WS-C2950T-48-SI,2,4990 ,0,0,0,0,0,0,0,0,0,0,0,0,0,0,0,0,0,0,0,0,0,0,0,0,0,0,0,0,2,4990,0,0,0,0,0,0,0,0,0,0,0,0,0,0,0,0,0,0,0,0,0,0,0,0
OK-UNIVERSITY OF OKLAHOMA,PWR-C45-4200ACV/2,60,179700 ,0,0,0,0,0,0,0,0,0,0,0,0,0,0,0,0,0,0,0,0,0,0,0,0,0,0,0,0,0,0,0,0,1,2995,14,41930,0,0,14,41930,6,17970,9,26955,1,2995,6,17970,1,2995,8,23960,0,0
OK-UNIVERSITY OF OKLAHOMA,UCSB-MLOM-40G-01,4,5996 ,0,0,0,0,0,0,0,0,0,0,0,0,0,0,0,0,0,0,0,0,0,0,0,0,0,0,0,0,0,0,0,0,0,0,0,0,0,0,0,0,0,0,0,0,0,0,0,0,0,0,4,5996,0,0
OK-UNIVERSITY OF OKLAHOMA,WS-C3560CG-8PC-S,48,98400 ,0,0,0,0,0,0,0,0,0,0,0,0,0,0,0,0,0,0,0,0,0,0,0,0,0,0,0,0,0,0,0,0,0,0,0,0,0,0,0,0,0,0,0,0,11,22550,13,26650,0,0,14,28700,10,20500
OK-UNIVERSITY OF OKLAHOMA,WIC-1DSU-T1=,4,4000 ,0,0,0,0,0,0,0,0,0,0,0,0,0,0,0,0,0,0,1,1000,0,0,0,0,0,0,3,3000,0,0,0,0,0,0,0,0,0,0,0,0,0,0,0,0,0,0,0,0,0,0,0,0,0,0
OK-UNIVERSITY OF OKLAHOMA,AIR-CAP3702I-AK910,1,14950 ,0,0,0,0,0,0,0,0,0,0,0,0,0,0,0,0,0,0,0,0,0,0,0,0,0,0,0,0,0,0,0,0,0,0,0,0,0,0,0,0,0,0,0,0,0,0,0,0,0,0,1,14950,0,0
OK-UNIVERSITY OF OKLAHOMA,WS-G5486,17,16915 ,0,0,0,0,0,0,0,0,0,0,0,0,0,0,0,0,0,0,0,0,4,3980,8,7960,0,0,0,0,2,1990,3,2985,0,0,0,0,0,0,0,0,0,0,0,0,0,0,0,0,0,0,0,0,0,0
OK-UNIVERSITY OF OKLAHOMA,WS-X6408A-GBIC=,2,19990 ,0,0,0,0,0,0,0,0,0,0,0,0,0,0,0,0,0,0,0,0,0,0,1,9995,1,9995,0,0,0,0,0,0,0,0,0,0,0,0,0,0,0,0,0,0,0,0,0,0,0,0,0,0,0,0
OK-UNIVERSITY OF OKLAHOMA,AP-2924MXL-DC,34,363630 ,0,0,0,0,0,0,0,0,0,0,0,0,0,0,0,0,0,0,0,0,34,363630,0,0,0,0,0,0,0,0,0,0,0,0,0,0,0,0,0,0,0,0,0,0,0,0,0,0,0,0,0,0,0,0
OK-UNIVERSITY OF OKLAHOMA,N20-AC0002,4,14796 ,0,0,0,0,0,0,0,0,0,0,0,0,0,0,0,0,0,0,0,0,0,0,0,0,0,0,0,0,0,0,0,0,0,0,0,0,0,0,0,0,0,0,4,14796,0,0,0,0,0,0,0,0,0,0
OK-UNIVERSITY OF OKLAHOMA,WS-X4248-RJ45V=,1,7495 ,0,0,0,0,0,0,0,0,0,0,0,0,0,0,0,0,0,0,0,0,0,0,0,0,0,0,0,0,0,0,1,7495,0,0,0,0,0,0,0,0,0,0,0,0,0,0,0,0,0,0,0,0,0,0
OK-UNIVERSITY OF OKLAHOMA,WS-X4548-GB-RJ45=,7,38465 ,0,0,0,0,0,0,0,0,0,0,0,0,0,0,0,0,0,0,0,0,0,0,0,0,0,0,0,0,0,0,7,38465,0,0,0,0,0,0,0,0,0,0,0,0,0,0,0,0,0,0,0,0,0,0
OK-UNIVERSITY OF OKLAHOMA,WS-C3560X-24P-S,16,94400 ,0,0,0,0,0,0,0,0,0,0,0,0,0,0,0,0,0,0,0,0,0,0,0,0,0,0,0,0,0,0,0,0,0,0,0,0,0,0,0,0,0,0,0,0,8,47200,3,17700,5,29500,0,0,0,0
OK-UNIVERSITY OF OKLAHOMA,CISCO3662-AC,2,23400 ,0,0,0,0,0,0,0,0,0,0,0,0,0,0,0,0,0,0,0,0,1,11700,0,0,1,11700,0,0,0,0,0,0,0,0,0,0,0,0,0,0,0,0,0,0,0,0,0,0,0,0,0,0,0,0
OK-UNIVERSITY OF OKLAHOMA,WS-C3750G-48TS-E,2,48400 ,0,0,0,0,0,0,0,0,0,0,0,0,0,0,0,0,0,0,0,0,0,0,0,0,0,0,0,0,0,0,0,0,0,0,2,48400,0,0,0,0,0,0,0,0,0,0,0,0,0,0,0,0,0,0
OK-UNIVERSITY OF OKLAHOMA,WS-C4506-E,2,9990 ,0,0,0,0,0,0,0,0,0,0,0,0,0,0,0,0,0,0,0,0,0,0,0,0,0,0,0,0,0,0,0,0,0,0,0,0,0,0,1,4995,0,0,1,4995,0,0,0,0,0,0,0,0,0,0
OK-UNIVERSITY OF OKLAHOMA,WS-C4507RE+96V+,3,66000 ,0,0,0,0,0,0,0,0,0,0,0,0,0,0,0,0,0,0,0,0,0,0,0,0,0,0,0,0,0,0,0,0,0,0,0,0,0,0,0,0,0,0,0,0,0,0,0,0,0,0,1,22000,2,44000
OK-UNIVERSITY OF OKLAHOMA,CISCO3745,1,12000 ,0,0,0,0,0,0,0,0,0,0,0,0,0,0,0,0,0,0,0,0,0,0,0,0,0,0,1,12000,0,0,0,0,0,0,0,0,0,0,0,0,0,0,0,0,0,0,0,0,0,0,0,0,0,0
OK-UNIVERSITY OF OKLAHOMA,WS-X6516A-GBIC=,1,15000 ,0,0,0,0,0,0,0,0,0,0,0,0,0,0,0,0,0,0,0,0,0,0,0,0,0,0,0,0,0,0,1,15000,0,0,0,0,0,0,0,0,0,0,0,0,0,0,0,0,0,0,0,0,0,0
OK-UNIVERSITY OF OKLAHOMA,VIC2-4FXO,1,880 ,0,0,0,0,0,0,0,0,0,0,0,0,0,0,0,0,0,0,0,0,0,0,0,0,0,0,0,0,0,0,0,0,0,0,0,0,0,0,0,0,0,0,1,880,0,0,0,0,0,0,0,0,0,0
OK-UNIVERSITY OF OKLAHOMA,X2-10GB-LX4=,54,161730 ,0,0,0,0,0,0,0,0,0,0,0,0,0,0,0,0,0,0,0,0,0,0,0,0,0,0,0,0,0,0,0,0,0,0,0,0,16,47920,24,71880,0,0,14,41930,0,0,0,0,0,0,0,0,0,0
OK-UNIVERSITY OF OKLAHOMA,N7K-AC-6.0KW,14,84000 ,0,0,0,0,0,0,0,0,0,0,0,0,0,0,0,0,0,0,0,0,0,0,0,0,0,0,0,0,0,0,0,0,0,0,0,0,0,0,0,0,0,0,0,0,8,48000,4,24000,2,12000,0,0,0,0
OK-UNIVERSITY OF OKLAHOMA,WS-X4013+,18,107910 ,0,0,0,0,0,0,0,0,0,0,0,0,0,0,0,0,0,0,0,0,0,0,0,0,0,0,0,0,4,23980,10,59950,2,11990,1,5995,0,0,1,5995,0,0,0,0,0,0,0,0,0,0,0,0,0,0
OK-UNIVERSITY OF OKLAHOMA,WS-X45-SUP8-E/2,12,239940 ,0,0,0,0,0,0,0,0,0,0,0,0,0,0,0,0,0,0,0,0,0,0,0,0,0,0,0,0,0,0,0,0,0,0,0,0,0,0,0,0,0,0,0,0,0,0,0,0,2,39990,8,159960,2,39990
OK-UNIVERSITY OF OKLAHOMA,WS-C2948G,117,701415 ,0,0,0,0,0,0,0,0,0,0,0,0,0,0,0,0,0,0,7,41965,33,197835,0,0,62,371690,12,71940,2,11990,0,0,1,5995,0,0,0,0,0,0,0,0,0,0,0,0,0,0,0,0,0,0,0,0
OK-UNIVERSITY OF OKLAHOMA,WS-X6K-S2-MSFC2/2,4,87980 ,0,0,0,0,0,0,0,0,0,0,0,0,0,0,0,0,0,0,0,0,0,0,2,43990,2,43990,0,0,0,0,0,0,0,0,0,0,0,0,0,0,0,0,0,0,0,0,0,0,0,0,0,0,0,0
OK-UNIVERSITY OF OKLAHOMA,WS-CAC-6000W=,18,90000 ,0,0,0,0,0,0,0,0,0,0,0,0,0,0,0,0,0,0,0,0,0,0,0,0,0,0,0,0,0,0,0,0,2,10000,1,5000,1,5000,4,20000,0,0,0,0,4,20000,6,30000,0,0,0,0,0,0
OK-UNIVERSITY OF OKLAHOMA,WS-C6509-E-WISM,1,79990 ,0,0,0,0,0,0,0,0,0,0,0,0,0,0,0,0,0,0,0,0,0,0,0,0,0,0,0,0,0,0,0,0,0,0,0,0,1,79990,0,0,0,0,0,0,0,0,0,0,0,0,0,0,0,0
OK-UNIVERSITY OF OKLAHOMA,LIC-CUCM-USR-A,1,230 ,0,0,0,0,0,0,0,0,0,0,0,0,0,0,0,0,0,0,0,0,0,0,0,0,0,0,0,0,0,0,0,0,0,0,0,0,0,0,0,0,0,0,0,0,1,230,0,0,0,0,0,0,0,0
OK-UNIVERSITY OF OKLAHOMA,WS-C6509-1300AC=,2,27980 ,0,0,0,0,0,0,0,0,0,0,0,0,0,0,0,0,0,0,0,0,0,0,2,27980,0,0,0,0,0,0,0,0,0,0,0,0,0,0,0,0,0,0,0,0,0,0,0,0,0,0,0,0,0,0
OK-UNIVERSITY OF OKLAHOMA,WS-C2924-XL,6,17970 ,0,0,0,0,0,0,0,0,0,0,0,0,0,0,0,0,6,17970,0,0,0,0,0,0,0,0,0,0,0,0,0,0,0,0,0,0,0,0,0,0,0,0,0,0,0,0,0,0,0,0,0,0,0,0
OK-UNIVERSITY OF OKLAHOMA,WS-X6582-2PA,1,15000 ,0,0,0,0,0,0,0,0,0,0,0,0,0,0,0,0,0,0,0,0,0,0,0,0,0,0,0,0,0,0,1,15000,0,0,0,0,0,0,0,0,0,0,0,0,0,0,0,0,0,0,0,0,0,0
OK-UNIVERSITY OF OKLAHOMA,WS-F6700-DFC3BXL,7,175000 ,0,0,0,0,0,0,0,0,0,0,0,0,0,0,0,0,0,0,0,0,0,0,0,0,0,0,0,0,0,0,0,0,0,0,7,175000,0,0,0,0,0,0,0,0,0,0,0,0,0,0,0,0,0,0
OK-UNIVERSITY OF OKLAHOMA,WS-X6548-GE-TX,11,132000 ,0,0,0,0,0,0,0,0,0,0,0,0,0,0,0,0,0,0,0,0,0,0,0,0,0,0,0,0,11,132000,0,0,0,0,0,0,0,0,0,0,0,0,0,0,0,0,0,0,0,0,0,0,0,0
OK-UNIVERSITY OF OKLAHOMA,CP-7961G=,4,1780 ,0,0,0,0,0,0,0,0,0,0,0,0,0,0,0,0,0,0,0,0,0,0,0,0,0,0,0,0,0,0,0,0,0,0,0,0,4,1780,0,0,0,0,0,0,0,0,0,0,0,0,0,0,0,0
OK-UNIVERSITY OF OKLAHOMA,WS-C4507R-E,21,209895 ,0,0,0,0,0,0,0,0,0,0,0,0,0,0,0,0,0,0,0,0,0,0,0,0,0,0,0,0,0,0,0,0,0,0,0,0,0,0,11,109945,6,59970,4,39980,0,0,0,0,0,0,0,0,0,0
OK-UNIVERSITY OF OKLAHOMA,BE6K-ST-BDL-K9=,1,9400 ,0,0,0,0,0,0,0,0,0,0,0,0,0,0,0,0,0,0,0,0,0,0,0,0,0,0,0,0,0,0,0,0,0,0,0,0,0,0,0,0,0,0,0,0,0,0,0,0,0,0,1,9400,0,0
OK-UNIVERSITY OF OKLAHOMA,N5K-C5672UP,1,32000 ,0,0,0,0,0,0,0,0,0,0,0,0,0,0,0,0,0,0,0,0,0,0,0,0,0,0,0,0,0,0,0,0,0,0,0,0,0,0,0,0,0,0,0,0,0,0,0,0,0,0,1,32000,0,0
OK-UNIVERSITY OF OKLAHOMA,UCS-SP7-SR-B200-VP,4,70000 ,0,0,0,0,0,0,0,0,0,0,0,0,0,0,0,0,0,0,0,0,0,0,0,0,0,0,0,0,0,0,0,0,0,0,0,0,0,0,0,0,0,0,0,0,0,0,0,0,0,0,4,70000,0,0
OK-UNIVERSITY OF OKLAHOMA,CISCO1841-T1SEC/K9,2,6990 ,0,0,0,0,0,0,0,0,0,0,0,0,0,0,0,0,0,0,0,0,0,0,0,0,0,0,0,0,0,0,0,0,1,3495,0,0,0,0,1,3495,0,0,0,0,0,0,0,0,0,0,0,0,0,0
OK-UNIVERSITY OF OKLAHOMA,AIR-BR350-A-K9,12,15588 ,0,0,0,0,0,0,0,0,0,0,0,0,0,0,0,0,0,0,0,0,0,0,0,0,12,15588,0,0,0,0,0,0,0,0,0,0,0,0,0,0,0,0,0,0,0,0,0,0,0,0,0,0,0,0
OK-UNIVERSITY OF OKLAHOMA,WS-F6K-PFC3BXL=,2,34000 ,0,0,0,0,0,0,0,0,0,0,0,0,0,0,0,0,0,0,0,0,0,0,0,0,0,0,0,0,0,0,0,0,0,0,1,17000,1,17000,0,0,0,0,0,0,0,0,0,0,0,0,0,0,0,0
OK-UNIVERSITY OF OKLAHOMA,PIX-525-UR-BUN,1,12995 ,0,0,0,0,0,0,0,0,0,0,0,0,0,0,0,0,0,0,0,0,0,0,1,12995,0,0,0,0,0,0,0,0,0,0,0,0,0,0,0,0,0,0,0,0,0,0,0,0,0,0,0,0,0,0
OK-UNIVERSITY OF OKLAHOMA,C3KX-NM-1G=,15,9000 ,0,0,0,0,0,0,0,0,0,0,0,0,0,0,0,0,0,0,0,0,0,0,0,0,0,0,0,0,0,0,0,0,0,0,0,0,0,0,0,0,0,0,0,0,3,1800,12,7200,0,0,0,0,0,0
OK-UNIVERSITY OF OKLAHOMA,WS-X45-SUP6-E=,15,329925 ,0,0,0,0,0,0,0,0,0,0,0,0,0,0,0,0,0,0,0,0,0,0,0,0,0,0,0,0,0,0,0,0,0,0,0,0,0,0,13,285935,2,43990,0,0,0,0,0,0,0,0,0,0,0,0
OK-UNIVERSITY OF OKLAHOMA,WS-C2960CG-8TC-L,1,1250 ,0,0,0,0,0,0,0,0,0,0,0,0,0,0,0,0,0,0,0,0,0,0,0,0,0,0,0,0,0,0,0,0,0,0,0,0,0,0,0,0,0,0,0,0,0,0,1,1250,0,0,0,0,0,0
OK-UNIVERSITY OF OKLAHOMA,AIR-CT8510-1K-K9,2,350000 ,0,0,0,0,0,0,0,0,0,0,0,0,0,0,0,0,0,0,0,0,0,0,0,0,0,0,0,0,0,0,0,0,0,0,0,0,0,0,0,0,0,0,0,0,0,0,0,0,1,175000,0,0,1,175000
OK-UNIVERSITY OF OKLAHOMA,WS-C4510R,18,224910 ,0,0,0,0,0,0,0,0,0,0,0,0,0,0,0,0,0,0,0,0,0,0,0,0,0,0,0,0,0,0,0,0,2,24990,15,187425,0,0,1,12495,0,0,0,0,0,0,0,0,0,0,0,0,0,0
OK-UNIVERSITY OF OKLAHOMA,CISCO2514,1,1995 ,0,0,0,0,0,0,0,0,0,0,0,0,0,0,0,0,1,1995,0,0,0,0,0,0,0,0,0,0,0,0,0,0,0,0,0,0,0,0,0,0,0,0,0,0,0,0,0,0,0,0,0,0,0,0
OK-UNIVERSITY OF OKLAHOMA,WS-X4548-RJ45V+=,6,53970 ,0,0,0,0,0,0,0,0,0,0,0,0,0,0,0,0,0,0,0,0,0,0,0,0,0,0,0,0,0,0,0,0,0,0,0,0,0,0,0,0,1,8995,0,0,0,0,0,0,5,44975,0,0,0,0
OK-UNIVERSITY OF OKLAHOMA,WS-CAC-2500W,22,66000 ,0,0,0,0,0,0,0,0,0,0,0,0,0,0,0,0,0,0,0,0,0,0,1,3000,16,48000,2,6000,3,9000,0,0,0,0,0,0,0,0,0,0,0,0,0,0,0,0,0,0,0,0,0,0,0,0
OK-UNIVERSITY OF OKLAHOMA,WS-X6348-RJ-45=,2,25990 ,0,0,0,0,0,0,0,0,0,0,0,0,0,0,0,0,0,0,0,0,0,0,0,0,0,0,2,25990,0,0,0,0,0,0,0,0,0,0,0,0,0,0,0,0,0,0,0,0,0,0,0,0,0,0
OK-UNIVERSITY OF OKLAHOMA,CP-7916=,1,595 ,0,0,0,0,0,0,0,0,0,0,0,0,0,0,0,0,0,0,0,0,0,0,0,0,0,0,0,0,0,0,0,0,0,0,0,0,0,0,1,595,0,0,0,0,0,0,0,0,0,0,0,0,0,0
OK-UNIVERSITY OF OKLAHOMA,ASA5540-BUN-K9,2,33990 ,0,0,0,0,0,0,0,0,0,0,0,0,0,0,0,0,0,0,0,0,0,0,0,0,0,0,0,0,0,0,0,0,0,0,0,0,0,0,2,33990,0,0,0,0,0,0,0,0,0,0,0,0,0,0
OK-UNIVERSITY OF OKLAHOMA,WS-X4648-RJ45V-E=,61,579195 ,0,0,0,0,0,0,0,0,0,0,0,0,0,0,0,0,0,0,0,0,0,0,0,0,0,0,0,0,0,0,0,0,0,0,0,0,0,0,57,541215,0,0,4,37980,0,0,0,0,0,0,0,0,0,0
OK-UNIVERSITY OF OKLAHOMA,CTI-8510-MED2-K9=,5,467550 ,0,0,0,0,0,0,0,0,0,0,0,0,0,0,0,0,0,0,0,0,0,0,0,0,0,0,0,0,0,0,0,0,0,0,0,0,0,0,0,0,4,374040,0,0,1,93510,0,0,0,0,0,0,0,0
OK-UNIVERSITY OF OKLAHOMA,WS-C4510R-E,18,224910 ,0,0,0,0,0,0,0,0,0,0,0,0,0,0,0,0,0,0,0,0,0,0,0,0,0,0,0,0,0,0,0,0,0,0,0,0,0,0,16,199920,1,12495,1,12495,0,0,0,0,0,0,0,0,0,0
OK-UNIVERSITY OF OKLAHOMA,XENPAK-10GB-LR+=,2,8000 ,0,0,0,0,0,0,0,0,0,0,0,0,0,0,0,0,0,0,0,0,0,0,0,0,0,0,0,0,0,0,0,0,0,0,0,0,0,0,0,0,0,0,2,8000,0,0,0,0,0,0,0,0,0,0
OK-UNIVERSITY OF OKLAHOMA,PWR-C45-2800ACV,109,217455 ,0,0,0,0,0,0,0,0,0,0,0,0,0,0,0,0,0,0,0,0,0,0,0,0,0,0,1,1995,1,1995,15,29925,28,55860,22,43890,10,19950,14,27930,1,1995,12,23940,3,5985,0,0,0,0,0,0,2,3990
OK-UNIVERSITY OF OKLAHOMA,WS-X4516-10GE,21,388395 ,0,0,0,0,0,0,0,0,0,0,0,0,0,0,0,0,0,0,0,0,0,0,0,0,0,0,0,0,0,0,1,18495,0,0,4,73980,11,203445,5,92475,0,0,0,0,0,0,0,0,0,0,0,0,0,0
OK-UNIVERSITY OF OKLAHOMA,WIC-1T,3,1200 ,0,0,0,0,0,0,0,0,0,0,0,0,0,0,0,0,0,0,2,800,0,0,0,0,0,0,1,400,0,0,0,0,0,0,0,0,0,0,0,0,0,0,0,0,0,0,0,0,0,0,0,0,0,0
OK-UNIVERSITY OF OKLAHOMA,N9K-C9504-FM,18,180000 ,0,0,0,0,0,0,0,0,0,0,0,0,0,0,0,0,0,0,0,0,0,0,0,0,0,0,0,0,0,0,0,0,0,0,0,0,0,0,0,0,0,0,0,0,0,0,0,0,0,0,18,180000,0,0
OK-UNIVERSITY OF OKLAHOMA,WS-X6K-S1A-MSFC2=,3,89985 ,0,0,0,0,0,0,0,0,0,0,0,0,0,0,0,0,0,0,0,0,0,0,3,89985,0,0,0,0,0,0,0,0,0,0,0,0,0,0,0,0,0,0,0,0,0,0,0,0,0,0,0,0,0,0
OK-UNIVERSITY OF OKLAHOMA,CISCO3725,2,17000 ,0,0,0,0,0,0,0,0,0,0,0,0,0,0,0,0,0,0,0,0,0,0,0,0,0,0,1,8500,0,0,0,0,0,0,0,0,1,8500,0,0,0,0,0,0,0,0,0,0,0,0,0,0,0,0
OK-UNIVERSITY OF OKLAHOMA,NM-1A-OC3MM,3,18000 ,0,0,0,0,0,0,0,0,0,0,0,0,0,0,0,0,0,0,0,0,0,0,0,0,3,18000,0,0,0,0,0,0,0,0,0,0,0,0,0,0,0,0,0,0,0,0,0,0,0,0,0,0,0,0
OK-UNIVERSITY OF OKLAHOMA,UCUCS-EZ-B200M3,2,35632 ,0,0,0,0,0,0,0,0,0,0,0,0,0,0,0,0,0,0,0,0,0,0,0,0,0,0,0,0,0,0,0,0,0,0,0,0,0,0,0,0,0,0,0,0,0,0,0,0,2,35632,0,0,0,0
OK-UNIVERSITY OF OKLAHOMA,WS-F6700-DFC3BXL=,10,250000 ,0,0,0,0,0,0,0,0,0,0,0,0,0,0,0,0,0,0,0,0,0,0,0,0,0,0,0,0,0,0,0,0,0,0,0,0,10,250000,0,0,0,0,0,0,0,0,0,0,0,0,0,0,0,0
OK-UNIVERSITY OF OKLAHOMA,WS-X4606-X2-E,12,180000 ,0,0,0,0,0,0,0,0,0,0,0,0,0,0,0,0,0,0,0,0,0,0,0,0,0,0,0,0,0,0,0,0,0,0,0,0,0,0,4,60000,0,0,4,60000,0,0,0,0,0,0,4,60000,0,0
OK-UNIVERSITY OF OKLAHOMA,WS-X6516A-GBIC,4,60000 ,0,0,0,0,0,0,0,0,0,0,0,0,0,0,0,0,0,0,0,0,0,0,0,0,0,0,0,0,2,30000,2,30000,0,0,0,0,0,0,0,0,0,0,0,0,0,0,0,0,0,0,0,0,0,0
OK-UNIVERSITY OF OKLAHOMA,NPE-400,2,15000 ,0,0,0,0,0,0,0,0,0,0,0,0,0,0,0,0,0,0,0,0,0,0,2,15000,0,0,0,0,0,0,0,0,0,0,0,0,0,0,0,0,0,0,0,0,0,0,0,0,0,0,0,0,0,0
OK-UNIVERSITY OF OKLAHOMA,15454-TCC2P-K9=,4,12000 ,0,0,0,0,0,0,0,0,0,0,0,0,0,0,0,0,0,0,0,0,0,0,0,0,0,0,0,0,0,0,0,0,0,0,0,0,0,0,0,0,0,0,0,0,0,0,4,12000,0,0,0,0,0,0
OK-UNIVERSITY OF OKLAHOMA,WS-SVC-NAM-2=,5,149975 ,0,0,0,0,0,0,0,0,0,0,0,0,0,0,0,0,0,0,0,0,0,0,0,0,0,0,2,59990,1,29995,0,0,1,29995,0,0,1,29995,0,0,0,0,0,0,0,0,0,0,0,0,0,0,0,0
OK-UNIVERSITY OF OKLAHOMA,WS-X45-SUP7-E/2,6,119970 ,0,0,0,0,0,0,0,0,0,0,0,0,0,0,0,0,0,0,0,0,0,0,0,0,0,0,0,0,0,0,0,0,0,0,0,0,0,0,0,0,0,0,1,19995,2,39990,3,59985,0,0,0,0,0,0
OK-UNIVERSITY OF OKLAHOMA,CTS-6000CODEC-K9=,1,22620 ,0,0,0,0,0,0,0,0,0,0,0,0,0,0,0,0,0,0,0,0,0,0,0,0,0,0,0,0,0,0,0,0,0,0,0,0,0,0,0,0,0,0,1,22620,0,0,0,0,0,0,0,0,0,0
OK-UNIVERSITY OF OKLAHOMA,WS-X4014,3,44985 ,0,0,0,0,0,0,0,0,0,0,0,0,0,0,0,0,0,0,0,0,0,0,0,0,3,44985,0,0,0,0,0,0,0,0,0,0,0,0,0,0,0,0,0,0,0,0,0,0,0,0,0,0,0,0
OK-UNIVERSITY OF OKLAHOMA,WS-C4006-S3,4,79980 ,0,0,0,0,0,0,0,0,0,0,0,0,0,0,0,0,0,0,0,0,0,0,0,0,4,79980,0,0,0,0,0,0,0,0,0,0,0,0,0,0,0,0,0,0,0,0,0,0,0,0,0,0,0,0
OK-UNIVERSITY OF OKLAHOMA,WS-C2948G-GE-TX,115,574425 ,0,0,0,0,0,0,0,0,0,0,0,0,0,0,0,0,0,0,0,0,0,0,0,0,0,0,0,0,17,84915,37,184815,47,234765,14,69930,0,0,0,0,0,0,0,0,0,0,0,0,0,0,0,0,0,0
OK-UNIVERSITY OF OKLAHOMA,AIR-CAP3702E-A-K9,106,169070 ,0,0,0,0,0,0,0,0,0,0,0,0,0,0,0,0,0,0,0,0,0,0,0,0,0,0,0,0,0,0,0,0,0,0,0,0,0,0,0,0,0,0,0,0,0,0,0,0,64,102080,42,66990,0,0
OK-UNIVERSITY OF OKLAHOMA,DS-SFP-FC8G-SW,188,48880 ,0,0,0,0,0,0,0,0,0,0,0,0,0,0,0,0,0,0,0,0,0,0,0,0,0,0,0,0,0,0,0,0,0,0,0,0,0,0,0,0,0,0,0,0,0,0,188,48880,0,0,0,0,0,0
OK-UNIVERSITY OF OKLAHOMA,AIR-AP1220B-A-K9,82,73718 ,0,0,0,0,0,0,0,0,0,0,0,0,0,0,0,0,0,0,0,0,0,0,0,0,1,899,80,71920,1,899,0,0,0,0,0,0,0,0,0,0,0,0,0,0,0,0,0,0,0,0,0,0,0,0
OK-UNIVERSITY OF OKLAHOMA,ASA5505-50-BUN-K9,4,3380 ,0,0,0,0,0,0,0,0,0,0,0,0,0,0,0,0,0,0,0,0,0,0,0,0,0,0,0,0,0,0,0,0,0,0,0,0,0,0,1,845,1,845,0,0,0,0,2,1690,0,0,0,0,0,0
OK-UNIVERSITY OF OKLAHOMA,WS-X4516=,3,49485 ,0,0,0,0,0,0,0,0,0,0,0,0,0,0,0,0,0,0,0,0,0,0,0,0,0,0,0,0,0,0,0,0,0,0,0,0,0,0,3,49485,0,0,0,0,0,0,0,0,0,0,0,0,0,0
OK-UNIVERSITY OF OKLAHOMA,MEM-MSFC2-512MB,2,7200 ,0,0,0,0,0,0,0,0,0,0,0,0,0,0,0,0,0,0,0,0,0,0,0,0,0,0,0,0,0,0,0,0,0,0,1,3600,1,3600,0,0,0,0,0,0,0,0,0,0,0,0,0,0,0,0
OK-UNIVERSITY OF OKLAHOMA,ASA-AIP-20-INC-K9,2,20000 ,0,0,0,0,0,0,0,0,0,0,0,0,0,0,0,0,0,0,0,0,0,0,0,0,0,0,0,0,0,0,0,0,0,0,0,0,2,20000,0,0,0,0,0,0,0,0,0,0,0,0,0,0,0,0
OK-UNIVERSITY OF OKLAHOMA,MEM-XCEF720-1GB,5,48000 ,0,0,0,0,0,0,0,0,0,0,0,0,0,0,0,0,0,0,0,0,0,0,0,0,0,0,0,0,0,0,0,0,0,0,0,0,5,48000,0,0,0,0,0,0,0,0,0,0,0,0,0,0,0,0
OK-UNIVERSITY OF OKLAHOMA,WS-CDC-2500W=,2,11500 ,0,0,0,0,0,0,0,0,0,0,0,0,0,0,0,0,0,0,0,0,0,0,0,0,0,0,0,0,0,0,0,0,0,0,0,0,0,0,0,0,2,11500,0,0,0,0,0,0,0,0,0,0,0,0
OK-UNIVERSITY OF OKLAHOMA,PVDM2-32,1,1600 ,0,0,0,0,0,0,0,0,0,0,0,0,0,0,0,0,0,0,0,0,0,0,0,0,0,0,0,0,0,0,0,0,0,0,0,0,0,0,1,1600,0,0,0,0,0,0,0,0,0,0,0,0,0,0
OK-UNIVERSITY OF OKLAHOMA,WS-C2980G,3,26985 ,0,0,0,0,0,0,0,0,0,0,0,0,0,0,0,0,0,0,0,0,0,0,0,0,3,26985,0,0,0,0,0,0,0,0,0,0,0,0,0,0,0,0,0,0,0,0,0,0,0,0,0,0,0,0
OK-UNIVERSITY OF OKLAHOMA,C7200-I/O-2FE/E,1,3400 ,0,0,0,0,0,0,0,0,0,0,0,0,0,0,0,0,0,0,0,0,0,0,1,3400,0,0,0,0,0,0,0,0,0,0,0,0,0,0,0,0,0,0,0,0,0,0,0,0,0,0,0,0,0,0
OK-UNIVERSITY OF OKLAHOMA,ESA-C370-K9,1,9950 ,0,0,0,0,0,0,0,0,0,0,0,0,0,0,0,0,0,0,0,0,0,0,0,0,0,0,0,0,0,0,0,0,0,0,0,0,0,0,0,0,0,0,1,9950,0,0,0,0,0,0,0,0,0,0
OK-UNIVERSITY OF OKLAHOMA,A03-D146GC2,12,8304 ,0,0,0,0,0,0,0,0,0,0,0,0,0,0,0,0,0,0,0,0,0,0,0,0,0,0,0,0,0,0,0,0,0,0,0,0,0,0,0,0,0,0,0,0,12,8304,0,0,0,0,0,0,0,0
OK-UNIVERSITY OF OKLAHOMA,NP-2E,1,3000 ,0,0,0,0,0,0,0,0,0,0,0,0,0,0,1,3000,0,0,0,0,0,0,0,0,0,0,0,0,0,0,0,0,0,0,0,0,0,0,0,0,0,0,0,0,0,0,0,0,0,0,0,0,0,0
OK-UNIVERSITY OF OKLAHOMA,WS-X4612-SFP-E,2,11990 ,0,0,0,0,0,0,0,0,0,0,0,0,0,0,0,0,0,0,0,0,0,0,0,0,0,0,0,0,0,0,0,0,0,0,0,0,0,0,0,0,0,0,1,5995,0,0,0,0,1,5995,0,0,0,0
OK-UNIVERSITY OF OKLAHOMA,NEW-UWL-STD-SLED,1,325 ,0,0,0,0,0,0,0,0,0,0,0,0,0,0,0,0,0,0,0,0,0,0,0,0,0,0,0,0,0,0,0,0,0,0,0,0,0,0,0,0,0,0,0,0,0,0,0,0,0,0,1,325,0,0
OK-UNIVERSITY OF OKLAHOMA,N01-M304GB1,31,13485 ,0,0,0,0,0,0,0,0,0,0,0,0,0,0,0,0,0,0,0,0,0,0,0,0,0,0,0,0,0,0,0,0,0,0,0,0,0,0,0,0,0,0,31,13485,0,0,0,0,0,0,0,0,0,0
OK-UNIVERSITY OF OKLAHOMA,A9K-MPA-20X1GE,2,30000 ,0,0,0,0,0,0,0,0,0,0,0,0,0,0,0,0,0,0,0,0,0,0,0,0,0,0,0,0,0,0,0,0,0,0,0,0,0,0,0,0,0,0,0,0,0,0,2,30000,0,0,0,0,0,0
OK-UNIVERSITY OF OKLAHOMA,PWR600-AC-RPS-CAB,3,7500 ,0,0,0,0,0,0,0,0,0,0,0,0,0,0,0,0,0,0,0,0,0,0,0,0,3,7500,0,0,0,0,0,0,0,0,0,0,0,0,0,0,0,0,0,0,0,0,0,0,0,0,0,0,0,0
OK-UNIVERSITY OF OKLAHOMA,WS-X4748-UPOE+E=,1,8995 ,0,0,0,0,0,0,0,0,0,0,0,0,0,0,0,0,0,0,0,0,0,0,0,0,0,0,0,0,0,0,0,0,0,0,0,0,0,0,0,0,0,0,0,0,0,0,1,8995,0,0,0,0,0,0
OK-UNIVERSITY OF OKLAHOMA,MAX-28/38-FLASH-BN,1,850 ,0,0,0,0,0,0,0,0,0,0,0,0,0,0,0,0,0,0,0,0,0,0,0,0,0,0,0,0,0,0,0,0,0,0,0,0,1,850,0,0,0,0,0,0,0,0,0,0,0,0,0,0,0,0
OK-UNIVERSITY OF OKLAHOMA,CTI-8050-SUP-K9=,1,26280 ,0,0,0,0,0,0,0,0,0,0,0,0,0,0,0,0,0,0,0,0,0,0,0,0,0,0,0,0,0,0,0,0,0,0,0,0,0,0,1,26280,0,0,0,0,0,0,0,0,0,0,0,0,0,0
OK-UNIVERSITY OF OKLAHOMA,WS-X6024-10FL-MT=,2,25990 ,0,0,0,0,0,0,0,0,0,0,0,0,0,0,0,0,0,0,0,0,0,0,0,0,2,25990,0,0,0,0,0,0,0,0,0,0,0,0,0,0,0,0,0,0,0,0,0,0,0,0,0,0,0,0
OK-UNIVERSITY OF OKLAHOMA,CISCO831-K9,10,6490 ,0,0,0,0,0,0,0,0,0,0,0,0,0,0,0,0,0,0,0,0,0,0,0,0,0,0,0,0,0,0,10,6490,0,0,0,0,0,0,0,0,0,0,0,0,0,0,0,0,0,0,0,0,0,0
OK-UNIVERSITY OF OKLAHOMA,SD-X45-2GB-E,10,5000 ,0,0,0,0,0,0,0,0,0,0,0,0,0,0,0,0,0,0,0,0,0,0,0,0,0,0,0,0,0,0,0,0,0,0,0,0,0,0,0,0,0,0,0,0,0,0,0,0,0,0,10,5000,0,0
OK-UNIVERSITY OF OKLAHOMA,WS-C6K-13SLT-FAN2=,3,2235 ,0,0,0,0,0,0,0,0,0,0,0,0,0,0,0,0,0,0,0,0,0,0,0,0,0,0,0,0,0,0,2,1490,1,745,0,0,0,0,0,0,0,0,0,0,0,0,0,0,0,0,0,0,0,0
OK-UNIVERSITY OF OKLAHOMA,NP-1E,1,1800 ,0,0,0,0,0,0,0,0,0,0,0,0,1,1800,0,0,0,0,0,0,0,0,0,0,0,0,0,0,0,0,0,0,0,0,0,0,0,0,0,0,0,0,0,0,0,0,0,0,0,0,0,0,0,0
OK-UNIVERSITY OF OKLAHOMA,CSACS-5.4-VM-UP-K9,1,8395 ,0,0,0,0,0,0,0,0,0,0,0,0,0,0,0,0,0,0,0,0,0,0,0,0,0,0,0,0,0,0,0,0,0,0,0,0,0,0,0,0,0,0,0,0,0,0,1,8395,0,0,0,0,0,0
OK-UNIVERSITY OF OKLAHOMA,CWDM-SFP-1570=,1,4995 ,0,0,0,0,0,0,0,0,0,0,0,0,0,0,0,0,0,0,0,0,0,0,0,0,0,0,0,0,0,0,0,0,0,0,0,0,1,4995,0,0,0,0,0,0,0,0,0,0,0,0,0,0,0,0
OK-UNIVERSITY OF OKLAHOMA,CWDM-SFP-1530=,1,4995 ,0,0,0,0,0,0,0,0,0,0,0,0,0,0,0,0,0,0,0,0,0,0,0,0,0,0,0,0,0,0,0,0,0,0,0,0,1,4995,0,0,0,0,0,0,0,0,0,0,0,0,0,0,0,0
OK-UNIVERSITY OF OKLAHOMA,CWDM-SFP-1590=,1,4995 ,0,0,0,0,0,0,0,0,0,0,0,0,0,0,0,0,0,0,0,0,0,0,0,0,0,0,0,0,0,0,0,0,0,0,0,0,0,0,0,0,1,4995,0,0,0,0,0,0,0,0,0,0,0,0
OK-UNIVERSITY OF OKLAHOMA,ASA5500-SSL-25,2,6190 ,0,0,0,0,0,0,0,0,0,0,0,0,0,0,0,0,0,0,0,0,0,0,0,0,0,0,0,0,0,0,0,0,0,0,0,0,2,6190,0,0,0,0,0,0,0,0,0,0,0,0,0,0,0,0
OK-UNIVERSITY OF OKLAHOMA,PWR-C49M-1000AC/2,1,1150 ,0,0,0,0,0,0,0,0,0,0,0,0,0,0,0,0,0,0,0,0,0,0,0,0,0,0,0,0,0,0,0,0,0,0,0,0,0,0,0,0,0,0,0,0,0,0,0,0,1,1150,0,0,0,0
OK-UNIVERSITY OF OKLAHOMA,LIC-UWL-STD-SLED-A,2,0 ,0,0,0,0,0,0,0,0,0,0,0,0,0,0,0,0,0,0,0,0,0,0,0,0,0,0,0,0,0,0,0,0,0,0,0,0,0,0,0,0,0,0,0,0,0,0,0,0,0,0,1,0,1,0
OK-UNIVERSITY OF OKLAHOMA,WCS-PLUS-UPG-100X,9,0 ,0,0,0,0,0,0,0,0,0,0,0,0,0,0,0,0,0,0,0,0,0,0,0,0,0,0,0,0,0,0,0,0,0,0,0,0,0,0,0,0,0,0,6,0,3,0,0,0,0,0,0,0,0,0
OK-UNIVERSITY OF OKLAHOMA,LIC-TMS-10-UPG,1,0 ,0,0,0,0,0,0,0,0,0,0,0,0,0,0,0,0,0,0,0,0,0,0,0,0,0,0,0,0,0,0,0,0,0,0,0,0,0,0,0,0,0,0,1,0,0,0,0,0,0,0,0,0,0,0
OK-UNIVERSITY OF OKLAHOMA,SW-S50000-K9,35,0 ,0,0,0,0,0,0,0,0,0,0,0,0,0,0,0,0,0,0,0,0,0,0,0,0,0,0,0,0,0,0,1,0,2,0,0,0,0,0,0,0,6,0,26,0,0,0,0,0,0,0,0,0,0,0
OK-UNIVERSITY OF OKLAHOMA,LIC-VCSE-5+,1,0 ,0,0,0,0,0,0,0,0,0,0,0,0,0,0,0,0,0,0,0,0,0,0,0,0,0,0,0,0,0,0,0,0,0,0,0,0,0,0,0,0,0,0,0,0,0,0,0,0,0,0,1,0,0,0
OK-UNIVERSITY OF OKLAHOMA,LIC-AESCDN7-K9,1,0 ,0,0,0,0,0,0,0,0,0,0,0,0,0,0,0,0,0,0,0,0,0,0,0,0,0,0,0,0,0,0,0,0,0,0,0,0,0,0,0,0,0,0,0,0,1,0,0,0,0,0,0,0,0,0
OK-UNIVERSITY OF OKLAHOMA,LIC-8510-WCO,5,0 ,0,0,0,0,0,0,0,0,0,0,0,0,0,0,0,0,0,0,0,0,0,0,0,0,0,0,0,0,0,0,0,0,0,0,0,0,0,0,0,0,4,0,0,0,1,0,0,0,0,0,0,0,0,0
OK-UNIVERSITY OF OKLAHOMA,CTS-PHD-1080P12XS+,5,0 ,0,0,0,0,0,0,0,0,0,0,0,0,0,0,0,0,0,0,0,0,0,0,0,0,0,0,0,0,0,0,0,0,0,0,0,0,0,0,0,0,0,0,2,0,2,0,0,0,1,0,0,0,0,0
OK-UNIVERSITY OF OKLAHOMA,CTS-880-PAL,1,0 ,0,0,0,0,0,0,0,0,0,0,0,0,0,0,0,0,0,0,0,0,0,0,0,0,0,0,0,0,0,0,0,0,1,0,0,0,0,0,0,0,0,0,0,0,0,0,0,0,0,0,0,0,0,0
OK-UNIVERSITY OF OKLAHOMA,LIC-VCS-70TURN,1,0 ,0,0,0,0,0,0,0,0,0,0,0,0,0,0,0,0,0,0,0,0,0,0,0,0,0,0,0,0,0,0,0,0,0,0,0,0,0,0,0,0,1,0,0,0,0,0,0,0,0,0,0,0,0,0
OK-UNIVERSITY OF OKLAHOMA,LIC-QSC20,1,0 ,0,0,0,0,0,0,0,0,0,0,0,0,0,0,0,0,0,0,0,0,0,0,0,0,0,0,0,0,0,0,0,0,0,0,0,0,0,0,0,0,0,0,0,0,1,0,0,0,0,0,0,0,0,0
OK-UNIVERSITY OF OKLAHOMA,S190UK9-15104M,1,0 ,0,0,0,0,0,0,0,0,0,0,0,0,0,0,0,0,0,0,0,0,0,0,0,0,0,0,0,0,0,0,0,0,0,0,0,0,0,0,0,0,0,0,0,0,0,0,1,0,0,0,0,0,0,0
OK-UNIVERSITY OF OKLAHOMA,LIC-VCSE-100,2,0 ,0,0,0,0,0,0,0,0,0,0,0,0,0,0,0,0,0,0,0,0,0,0,0,0,0,0,0,0,0,0,0,0,0,0,0,0,0,0,0,0,2,0,0,0,0,0,0,0,0,0,0,0,0,0
OK-UNIVERSITY OF OKLAHOMA,LIC-8220-VFO,2,0 ,0,0,0,0,0,0,0,0,0,0,0,0,0,0,0,0,0,0,0,0,0,0,0,0,0,0,0,0,0,0,0,0,0,0,0,0,0,0,1,0,1,0,0,0,0,0,0,0,0,0,0,0,0,0
OK-UNIVERSITY OF OKLAHOMA,PWR-CORD-US-A,7,0 ,0,0,0,0,0,0,0,0,0,0,0,0,0,0,0,0,0,0,0,0,0,0,0,0,0,0,0,0,0,0,0,0,0,0,0,0,0,0,0,0,0,0,1,0,5,0,1,0,0,0,0,0,0,0
OK-UNIVERSITY OF OKLAHOMA,SWMSE3310K9-60,1,0 ,0,0,0,0,0,0,0,0,0,0,0,0,0,0,0,0,0,0,0,0,0,0,0,0,0,0,0,0,0,0,0,0,0,0,0,0,0,0,0,0,0,0,1,0,0,0,0,0,0,0,0,0,0,0
OK-UNIVERSITY OF OKLAHOMA,N7K-C7010-FAB1-BUN,12,0 ,0,0,0,0,0,0,0,0,0,0,0,0,0,0,0,0,0,0,0,0,0,0,0,0,0,0,0,0,0,0,0,0,0,0,0,0,0,0,0,0,0,0,0,0,12,0,0,0,0,0,0,0,0,0
OK-UNIVERSITY OF OKLAHOMA,WCS-PLUS-UPG-K9,4,0 ,0,0,0,0,0,0,0,0,0,0,0,0,0,0,0,0,0,0,0,0,0,0,0,0,0,0,0,0,0,0,0,0,0,0,0,0,0,0,0,0,2,0,2,0,0,0,0,0,0,0,0,0,0,0
OK-UNIVERSITY OF OKLAHOMA,CSACS-5-BASE-LIC,2,0 ,0,0,0,0,0,0,0,0,0,0,0,0,0,0,0,0,0,0,0,0,0,0,0,0,0,0,0,0,0,0,0,0,0,0,0,0,0,0,0,0,0,0,0,0,0,0,0,0,0,0,2,0,0,0
OK-UNIVERSITY OF OKLAHOMA,S801RK9W-12421JA,1,0 ,0,0,0,0,0,0,0,0,0,0,0,0,0,0,0,0,0,0,0,0,0,0,0,0,0,0,0,0,0,0,0,0,0,0,0,0,0,0,0,0,0,0,0,0,0,0,1,0,0,0,0,0,0,0
OK-UNIVERSITY OF OKLAHOMA,SF-ASA-8.2-K8,2,0 ,0,0,0,0,0,0,0,0,0,0,0,0,0,0,0,0,0,0,0,0,0,0,0,0,0,0,0,0,0,0,0,0,0,0,0,0,0,0,0,0,2,0,0,0,0,0,0,0,0,0,0,0,0,0
OK-UNIVERSITY OF OKLAHOMA,ASR1000-SIP-BLANK,4,0 ,0,0,0,0,0,0,0,0,0,0,0,0,0,0,0,0,0,0,0,0,0,0,0,0,0,0,0,0,0,0,0,0,0,0,0,0,0,0,0,0,0,0,0,0,4,0,0,0,0,0,0,0,0,0
OK-UNIVERSITY OF OKLAHOMA,N7K-C7018-FAN,1,0 ,0,0,0,0,0,0,0,0,0,0,0,0,0,0,0,0,0,0,0,0,0,0,0,0,0,0,0,0,0,0,0,0,0,0,0,0,0,0,0,0,0,0,0,0,0,0,1,0,0,0,0,0,0,0
OK-UNIVERSITY OF OKLAHOMA,SWLC2106K9-50-ER,1,0 ,0,0,0,0,0,0,0,0,0,0,0,0,0,0,0,0,0,0,0,0,0,0,0,0,0,0,0,0,0,0,0,0,0,0,0,0,0,0,1,0,0,0,0,0,0,0,0,0,0,0,0,0,0,0
MO-WASHINGTON UNIVERSITY,CM8.0-K9-UPG=,2,31990 ,0,0,0,0,0,0,0,0,0,0,0,0,0,0,0,0,0,0,0,0,0,0,0,0,0,0,0,0,0,0,0,0,0,0,0,0,0,0,0,0,0,0,0,0,2,31990,0,0,0,0,0,0,0,0
MO-WASHINGTON UNIVERSITY,LIC-CUCM-USR-A,1,230 ,0,0,0,0,0,0,0,0,0,0,0,0,0,0,0,0,0,0,0,0,0,0,0,0,0,0,0,0,0,0,0,0,0,0,0,0,0,0,0,0,0,0,0,0,0,0,0,0,1,230,0,0,0,0
MO-WASHINGTON UNIVERSITY,WS-C6509-1300AC=,7,97930 ,0,0,0,0,0,0,0,0,0,0,0,0,0,0,0,0,0,0,0,0,0,0,7,97930,0,0,0,0,0,0,0,0,0,0,0,0,0,0,0,0,0,0,0,0,0,0,0,0,0,0,0,0,0,0
MO-WASHINGTON UNIVERSITY,WS-C2924-XL,42,125790 ,0,0,0,0,0,0,0,0,0,0,0,0,0,0,0,0,5,14975,37,110815,0,0,0,0,0,0,0,0,0,0,0,0,0,0,0,0,0,0,0,0,0,0,0,0,0,0,0,0,0,0,0,0,0,0
MO-WASHINGTON UNIVERSITY,ASA5510-SEC-BUN-K9,13,58435 ,0,0,0,0,0,0,0,0,0,0,0,0,0,0,0,0,0,0,0,0,0,0,0,0,0,0,0,0,0,0,0,0,0,0,0,0,2,8990,1,4495,7,31465,1,4495,2,8990,0,0,0,0,0,0,0,0
MO-WASHINGTON UNIVERSITY,WS-X6582-2PA,1,15000 ,0,0,0,0,0,0,0,0,0,0,0,0,0,0,0,0,0,0,0,0,0,0,0,0,0,0,0,0,0,0,1,15000,0,0,0,0,0,0,0,0,0,0,0,0,0,0,0,0,0,0,0,0,0,0
MO-WASHINGTON UNIVERSITY,ASA5520-AIP20-K9,1,15995 ,0,0,0,0,0,0,0,0,0,0,0,0,0,0,0,0,0,0,0,0,0,0,0,0,0,0,0,0,0,0,0,0,0,0,1,15995,0,0,0,0,0,0,0,0,0,0,0,0,0,0,0,0,0,0
MO-WASHINGTON UNIVERSITY,WS-X6548-GE-TX,7,84000 ,0,0,0,0,0,0,0,0,0,0,0,0,0,0,0,0,0,0,0,0,0,0,0,0,0,0,0,0,3,36000,0,0,4,48000,0,0,0,0,0,0,0,0,0,0,0,0,0,0,0,0,0,0,0,0
MO-WASHINGTON UNIVERSITY,SL-29-UC-K9,3,2100 ,0,0,0,0,0,0,0,0,0,0,0,0,0,0,0,0,0,0,0,0,0,0,0,0,0,0,0,0,0,0,0,0,0,0,0,0,0,0,0,0,1,700,1,700,0,0,0,0,0,0,0,0,1,700
KS-ALLEN COUNTY COMMUNITY COLLEGE,CISCO1941/K9,8,12760 ,0,0,0,0,0,0,0,0,0,0,0,0,0,0,0,0,0,0,0,0,0,0,0,0,0,0,0,0,0,0,0,0,0,0,0,0,0,0,0,0,0,0,0,0,2,3190,0,0,4,6380,2,3190,0,0
KS-ALLEN COUNTY COMMUNITY COLLEGE,AIR-PCM352,8,1352 ,0,0,0,0,0,0,0,0,0,0,0,0,0,0,0,0,0,0,0,0,0,0,0,0,0,0,0,0,2,338,6,1014,0,0,0,0,0,0,0,0,0,0,0,0,0,0,0,0,0,0,0,0,0,0
KS-ALLEN COUNTY COMMUNITY COLLEGE,CISCO2821,1,3895 ,0,0,0,0,0,0,0,0,0,0,0,0,0,0,0,0,0,0,0,0,0,0,0,0,0,0,0,0,0,0,0,0,0,0,0,0,1,3895,0,0,0,0,0,0,0,0,0,0,0,0,0,0,0,0
KS-ALLEN COUNTY COMMUNITY COLLEGE,WS-C1924-A,2,2590 ,0,0,0,0,0,0,0,0,0,0,0,0,0,0,0,0,0,0,2,2590,0,0,0,0,0,0,0,0,0,0,0,0,0,0,0,0,0,0,0,0,0,0,0,0,0,0,0,0,0,0,0,0,0,0
KS-ALLEN COUNTY COMMUNITY COLLEGE,WS-C2912-XL-EN,1,1495 ,0,0,0,0,0,0,0,0,0,0,0,0,0,0,0,0,0,0,0,0,0,0,0,0,1,1495,0,0,0,0,0,0,0,0,0,0,0,0,0,0,0,0,0,0,0,0,0,0,0,0,0,0,0,0
KS-ALLEN COUNTY COMMUNITY COLLEGE,HWIC-2T=,8,5600 ,0,0,0,0,0,0,0,0,0,0,0,0,0,0,0,0,0,0,0,0,0,0,0,0,0,0,0,0,0,0,0,0,0,0,0,0,0,0,0,0,0,0,0,0,0,0,2,1400,4,2800,2,1400,0,0
